# MAKEOFFSET decomposition census, all 600 parts. BEFORE = ac0ca610 (fixed 24 samples per curved edge),
# AFTER = 483378aa (shipped kOffsetInputDeflection = 3.125e-3 mm chord-deflection budget).
# hausdorff_mm = two-sided max deviation between the two arms' answers, both sampled at 1e-5 x the
# part diagonal in the face's own plane frame (FORGE_MO_DUMP). class is derived from enc_area vs src_enc_area.
part	class	native_status	occt_status	native_edges_BEFORE	native_edges_AFTER	occt_edges	hausdorff_mm_BEFORE	hausdorff_mm_AFTER	src_enc_area	native_enc_area	occt_enc_area	src_outer_wire_kinds	agree_BEFORE	agree_AFTER	part_diag
ho0	AGREE	OK	OK	4	4	4	1.421085e-14	1.421085e-14	40424.0625	34099.6136	34099.6136	Line:4	True	True	307.4079374
ho1	AGREE	OK	OK	4	4	4	1.421085e-14	1.421085e-14	11047.86	9023.335179	9023.335179	Line:4	True	True	175.2372392
ho10	TESSELLATION	OK	OK	128	658	6	1.050951e-01	2.911636e-03	12855.30369	9763.623504	9764.461184	Line:3|Circle:3	False	False	304.5633267
ho1001	AGREE	OK	OK	4	4	4	1.421085e-14	1.421085e-14	25632.81	21387.70168	21387.70168	Line:4	True	True	239.9174441
ho1002	AGREE	OK	OK	4	4	4	2.131628e-14	2.131628e-14	9363.25	8081.19851	8081.19851	Line:4	True	True	152.3584589
ho1005	TESSELLATION	OK	OK	546	285	26	6.903560e-02	5.651707e-03	14158.48915	10765.55623	10766.21742	Line:4|Circle:1|BSpline:21	False	False	376.0933888
ho1008	TESSELLATION	OK	OK	181	405	9	1.783381e-02	2.508053e-03	5564.29616	4151.318196	4151.881861	Line:3|Circle:6	False	False	219.3258236
ho1010	AGREE	OK	OK	4	4	4	0.000000e+00	0.000000e+00	12150.76	10227.45863	10227.45863	Line:4	True	True	167.4188161
ho1011	TESSELLATION	OK	OK	100	132	8	4.037816e-03	2.271361e-03	10563.78789	8181.126345	8181.027375	Line:4|Circle:4	False	False	212.2516262
ho1014	AGREE	OK	OK	1116	48	48	1.109903e-13	1.008659e-13	15739.30729	13324.50768	13324.50768	BSpline:48	False	True	242.1409303
ho1017	AGREE	OK	OK	4	4	4	1.421085e-14	1.421085e-14	19924.99	16865.439	16865.439	Line:4	True	True	212.1977144
ho1019	AGREE	OK	OK	4	4	4	1.421085e-14	1.421085e-14	6768.75	5668.853566	5668.853566	Line:4	True	True	136.1629538
ho102	AGREE	OK	OK	4	4	4	1.421085e-14	1.421085e-14	38497.5	33129.82477	33129.82477	Line:4	True	True	294.5390636
ho1020	TESSELLATION	OK	OK	100	132	8	5.449429e-03	1.410881e-03	9187.073604	7462.19759	7462.132385	Line:4|Circle:4	False	False	169.6436439
ho1024	TESSELLATION	OK	OK	316	840	16	4.585352e-02	2.456681e-03	13649.20683	8830.172603	8831.512521	Line:5|Circle:9	False	False	240.2514724
ho1025	AGREE	OK	OK	4	4	4	1.421085e-14	1.421085e-14	15071.92	13205.0281	13205.0281	Line:4	True	True	184.8446916
ho103	AGREE	OK	OK	4	4	4	1.421085e-14	1.421085e-14	18009.3	14989.95192	14989.95192	Line:4	True	True	216.4842258
ho1030	TESSELLATION	OK	OK	359	970	16	5.617652e-02	2.948625e-03	7471.694201	4142.980939	4144.269871	Line:5|Circle:9	False	False	205.2866684
ho1031	AGREE	OK	OK	4	4	4	1.588822e-14	1.588822e-14	23257.71	19599.45281	19599.45281	Line:4	True	True	234.8870793
ho1032	TESSELLATION	OK	OK	100	132	8	3.980257e-03	1.678541e-03	12637.87191	9552.991742	9552.946315	Line:4|Circle:4	False	False	250.4093138
ho1034	TESSELLATION	OK	OK	493	279	24	3.344409e-02	4.567511e-03	9435.803934	7319.698551	7319.890064	Line:4|Circle:1|BSpline:20	False	False	323.2328669
ho1037	AGREE	OK	OK	4	4	4	2.842171e-14	2.842171e-14	26440.00602	22508.64809	22508.64809	Line:4	True	True	242.0582781
ho1039	AGREE	OK	OK	4	4	4	1.588822e-14	1.588822e-14	16821.4	14496.18721	14496.18721	Line:4	True	True	201.7467968
ho104	TESSELLATION	OK	OK	100	132	8	4.440979e-03	2.498148e-03	12796.72816	9885.649191	9885.539894	Line:4|Circle:4	False	False	235.6708437
ho1040	NOT_BOTH_OK	OK	TIMEOUT	253	191	0			17067.41096	13386.68448	0	-	False	False	261.4554369
ho1041	OPPOSITE_DIRECTION	OK	OK	24	256	1	7.006715e+00	6.681093e+00	4632.46675	3861.411942	5473.133524	Circle:1	False	False	261.9275142
ho1043	TESSELLATION	OK	OK	1113	85	51	5.557807e-03	5.557807e-03	22268.39528	18642.86189	18642.88473	Line:3|BSpline:48	False	False	281.7454246
ho1046	AGREE	OK	OK	4	4	4	2.929643e-14	2.929643e-14	21089.72	17637.257	17637.257	Line:4	True	True	230.3104427
ho1047	AGREE	OK	OK	4	4	4	3.552714e-15	3.552714e-15	13179.3	10496.6189	10496.6189	Line:4	True	True	216.3630514
ho1051	TESSELLATION	OK	OK	997	81	47	5.537225e-03	5.537225e-03	21124.17204	17708.47808	17708.50075	Line:3|BSpline:44	False	False	298.1644418
ho1054	AGREE	OK	OK	4	4	4	1.421085e-14	1.421085e-14	17415.86	14290.34436	14290.34436	Line:4	True	True	214.9287789
ho1055	TESSELLATION	OK	OK	100	132	8	5.213547e-03	2.932735e-03	12968.01913	10260.94995	10260.9306	Line:4|Circle:4	False	False	213.5817479
ho1058	TESSELLATION	OK	OK	1007	81	47	6.418637e-03	6.418637e-03	28208.94566	24019.62699	24019.65134	Line:3|BSpline:44	False	False	321.3674183
ho1060	AGREE	OK	OK	4	4	4	0.000000e+00	0.000000e+00	17886.55	14844.87358	14844.87358	Line:4	True	True	225.3866678
ho1066	AGREE	OK	OK	4	4	4	2.009718e-14	2.009718e-14	41037.03	34930.2495	34930.2495	Line:4	True	True	309.1898284
ho1067	AGREE	OK	OK	4	4	4	5.684342e-14	5.684342e-14	18568.92	15944.34737	15944.34737	Line:4	True	True	215.9573106
ho107	TESSELLATION	OK	OK	298	920	14	9.236813e-02	3.292727e-03	13840.67269	7477.529182	7479.700214	Line:5|Circle:9	False	False	270.2402265
ho1076	AGREE	OK	OK	4	4	4	1.421085e-14	1.421085e-14	10619.67	8482.24637	8482.24637	Line:4	True	True	203.0244074
ho1077	TESSELLATION	OK	OK	100	132	8	5.521136e-03	3.105760e-03	11294.72598	9093.828565	9093.780721	Line:4|Circle:4	False	False	188.2469184
ho108	AGREE	OK	OK	4	4	4	7.105427e-15	7.105427e-15	11620.73	10082.14293	10082.14293	Line:4	True	True	159.0540474
ho1080	TESSELLATION	OK	OK	1009	81	47	5.950184e-03	5.950184e-03	27308.20533	23040.16468	23040.19085	Line:3|BSpline:44	False	False	312.3109007
ho1082	TESSELLATION	OK	OK	264	1170	16	1.191174e-01	3.505995e-03	11012.41813	6302.699744	6305.046001	Line:5|Circle:8	False	False	231.363329
ho1083	AGREE	OK	OK	4	4	4	1.421085e-14	1.421085e-14	15082.32	12234.15949	12234.15949	Line:4	True	True	217.7766976
ho1084	TESSELLATION	OK	OK	252	262	56	7.508115e-03	3.243316e-03	21094.25658	16931.07381	16929.95914	BSpline:8	False	False	250.6319501
ho1087	TESSELLATION	OK	OK	545	285	26	6.500606e-02	3.682745e-03	6089.625812	4506.111225	4506.651476	Line:4|Circle:1|BSpline:21	False	False	262.9263018
ho1089	AGREE	OK	OK	4	4	4	1.588822e-14	1.588822e-14	21439.6	17503.99447	17503.99447	Line:4	True	True	243.6260454
ho109	TESSELLATION	OK	OK	253	295	80	7.017679e-03	3.138262e-03	13318.87467	10866.30801	10866.27547	BSpline:8	False	False	197.1975689
ho1091	AGREE	OK	OK	4	4	4	2.842171e-14	2.842171e-14	20339.84	17091.97403	17091.97403	Line:4	True	True	228.3949211
ho1092	TESSELLATION	OK	OK	100	260	8	5.709478e-03	1.626392e-03	14010.41947	11179.49236	11179.39312	Line:4|Circle:4	False	False	218.7162717
ho1094	TESSELLATION	OK	OK	1027	81	47	6.049376e-03	6.049376e-03	28556.56291	24098.09807	24098.12513	Line:3|BSpline:44	False	False	313.9263775
ho1097	AGREE	OK	OK	4	4	4	1.421085e-14	1.421085e-14	32592.49	27038.12721	27038.12721	Line:4	True	True	292.0536081
ho1098	AGREE	OK	OK	4	4	4	1.421085e-14	1.421085e-14	9139	7561.956444	7561.956444	Line:4	True	True	154.0595339
ho1099	TESSELLATION	OK	OK	100	260	8	6.322878e-03	1.578906e-03	15864.80675	12701.79457	12701.6636	Line:4|Circle:4	False	False	218.6033057
ho1104	AGREE	OK	OK	4	4	4	2.009718e-14	2.009718e-14	32174.01	27149.80816	27149.80816	Line:4	True	True	270.9713453
ho1105	AGREE	OK	OK	4	4	4	0.000000e+00	0.000000e+00	8527.5	7098.524004	7098.524004	Line:4	True	True	152.7786962
ho111	OPPOSITE_DIRECTION	OK	OK	24	512	1	8.294552e+00	7.907007e+00	6475.324955	5396.622259	7652.059091	Circle:1	False	False	215.2553117
ho1112	AGREE	OK	OK	4	4	4	3.177644e-14	3.177644e-14	40806.48	34676.53673	34676.53673	Line:4	True	True	311.3455476
ho1114	AGREE	OK	OK	4	4	4	2.842171e-14	2.842171e-14	6616.26	5549.518335	5549.518335	Line:4	True	True	142.3797036
ho1119	TESSELLATION	OK	OK	553	285	26	6.492439e-02	3.949260e-03	7002.806903	5221.093558	5221.633942	Line:4|Circle:1|BSpline:21	False	False	271.6956797
ho1122	TESSELLATION	OK	OK	255	897	17	1.564649e-01	2.957371e-03	11463.62309	7260.646769	7261.838054	Line:5|Circle:11	False	False	207.9831003
ho1123	AGREE	OK	OK	4	4	4	1.588822e-14	1.588822e-14	18137.6	15087.93803	15087.93803	Line:4	True	True	209.056093
ho1124	TESSELLATION	OK	OK	100	260	8	7.080239e-03	2.064824e-03	23172.83719	18409.24468	18409.10816	Line:4|Circle:4	False	False	272.2375417
ho1129	AGREE	OK	OK	4	4	4	1.421085e-14	1.421085e-14	16356	13839.06651	13839.06651	Line:4	True	True	198.3529178
ho1130	AGREE	OK	OK	4	4	4	7.105427e-15	7.105427e-15	8678.96	7140.919598	7140.919598	Line:4	True	True	158.1109104
ho1131	TESSELLATION	OK	OK	100	260	8	7.498379e-03	1.356373e-03	13517.40588	11068.04031	11067.73296	Line:4|Circle:4	False	False	186.5597008
ho1134	AGREE	OK	OK	1132	48	48	1.024759e-13	1.310176e-13	17220.89527	14723.08936	14723.08936	BSpline:48	False	True	249.623999
ho1137	AGREE	OK	OK	4	4	4	2.842171e-14	2.842171e-14	27693.18	22736.53528	22736.53528	Line:4	True	True	285.1460854
ho1138	AGREE	OK	OK	4	4	4	2.131628e-14	2.131628e-14	20000.53	16708.23191	16708.23191	Line:4	True	True	224.7422969
ho1139	TESSELLATION	OK	OK	100	260	8	6.721009e-03	2.020383e-03	20243.55289	16116.14421	16116.01534	Line:4|Circle:4	False	False	256.4703433
ho114	AGREE	OK	OK	4	4	4	7.105427e-15	7.105427e-15	27505.6019	22844.60543	22844.60543	Line:4	True	True	264.4947447
ho1144	AGREE	OK	OK	4	4	4	2.842171e-14	2.842171e-14	34037.29918	28109.85988	28109.85988	Line:4	True	True	287.6752683
ho1145	AGREE	OK	OK	4	4	4	1.588822e-14	1.588822e-14	13420.32	10964.65429	10964.65429	Line:4	True	True	207.0433771
ho1149	TESSELLATION	OK	OK	1041	81	47	6.264887e-03	6.264887e-03	31973.38921	27069.90672	27069.93573	Line:3|BSpline:44	False	False	337.6711862
ho115	AGREE	OK	OK	4	4	4	2.246933e-14	2.246933e-14	17419.05	14772.54585	14772.54585	Line:4	True	True	193.0978508
ho1152	AGREE	OK	OK	4	4	4	1.421085e-14	1.421085e-14	16350.06	14175.38904	14175.38904	Line:4	True	True	195.6298035
ho1153	AGREE	OK	OK	4	4	4	2.131628e-14	2.131628e-14	14099.4	12216.63962	12216.63962	Line:4	True	True	186.498311
ho1154	TESSELLATION	OK	OK	253	289	71	6.753075e-03	2.943871e-03	12265.96306	10021.3608	10021.42309	BSpline:8	False	False	191.9190723
ho1155	OPPOSITE_DIRECTION	OK	OK	24	256	1	5.412233e+00	5.161008e+00	2771.167396	2310.463286	3273.409981	Circle:1	False	False	252.3867706
ho1157	TESSELLATION	OK	OK	1019	81	47	6.440505e-03	6.440505e-03	23488.83727	19664.46636	19664.49059	Line:3|BSpline:44	False	False	283.9246794
ho116	TESSELLATION	OK	OK	253	303	37	6.959912e-03	1.800343e-03	22201.36968	17644.71238	17645.49378	BSpline:8	False	False	276.9668835
ho1160	AGREE	OK	OK	4	4	4	1.421085e-14	1.421085e-14	32178.96	27611.74007	27611.74007	Line:4	True	True	267.0775543
ho1162	AGREE	OK	OK	4	4	4	1.421085e-14	1.421085e-14	8857.7	7482.860298	7482.860298	Line:4	True	True	156.4272994
ho1166	AGREE	OK	OK	4	4	4	2.842171e-14	2.842171e-14	32764.55	28556.70248	28556.70248	Line:4	True	True	270.1771641
ho1167	AGREE	OK	OK	4	4	4	2.929643e-14	2.929643e-14	19652.19	16440.38935	16440.38935	Line:4	True	True	222.3564256
ho1168	TESSELLATION	OK	OK	100	132	8	3.836006e-03	2.157838e-03	13005.74839	9722.51653	9722.488712	Line:4|Circle:4	False	False	264.5686206
ho1171	TESSELLATION	OK	OK	1075	83	49	5.035741e-03	5.035741e-03	18970.00339	15927.39547	15927.41422	Line:3|BSpline:46	False	False	259.9376208
ho1173	AGREE	OK	OK	4	4	4	2.131628e-14	2.131628e-14	30613.49	24944.40585	24944.40585	Line:4	True	True	290.8051409
ho1174	AGREE	OK	OK	4	4	4	1.588822e-14	1.588822e-14	13278.39	11118.32813	11118.32813	Line:4	True	True	193.5248563
ho1175	TESSELLATION	OK	OK	100	132	8	4.772266e-03	2.684504e-03	7900.199076	6382.781736	6382.740808	Line:4|Circle:4	False	False	151.6925042
ho1178	TESSELLATION	OK	OK	1115	85	51	6.397778e-03	6.397778e-03	23200.37437	19415.06093	19415.08484	Line:3|BSpline:48	False	False	283.4179838
ho1180	AGREE	OK	OK	4	4	4	1.421085e-14	1.421085e-14	14040.96	11517.91095	11517.91095	Line:4	True	True	201.2900643
ho1184	TESSELLATION	OK	OK	1003	81	47	8.576320e-03	8.576320e-03	37192.46719	30889.17591	30889.21887	Line:3|BSpline:44	False	False	375.0484824
ho1187	TESSELLATION	OK	OK	82	394	6	2.823245e-01	2.484768e-03	21052.75217	16778.92258	16779.45362	Line:5|Circle:1	False	False	233.9955899
ho1189	AGREE	OK	OK	4	4	4	1.588822e-14	1.588822e-14	24041.1	20197.11391	20197.11391	Line:4	True	True	234.7347013
ho119	AGREE	OK	OK	4	4	4	1.421085e-14	1.421085e-14	23974.72	20526.03372	20526.03372	Line:4	True	True	233.4379789
ho1190	TESSELLATION	OK	OK	252	206	92	5.626882e-03	3.079236e-03	11317.74026	9175.678176	9176.164424	BSpline:8	False	False	192.5508152
ho1191	OPPOSITE_DIRECTION	OK	OK	24	512	1	7.633978e+00	7.275469e+00	5541.769305	4623.329675	6543.204528	Circle:1	False	False	234.5421216
ho1195	AGREE	OK	OK	4	4	4	5.684342e-14	5.684342e-14	32787.78422	27091.36249	27091.36249	Line:4	True	True	281.7063365
ho1196	AGREE	OK	OK	4	4	4	1.588822e-14	1.588822e-14	11958.64	9719.543023	9719.543023	Line:4	True	True	199.8686068
ho1197	TESSELLATION	OK	OK	100	132	8	3.780605e-03	2.140298e-03	8693.926153	6759.57136	6759.476031	Line:4|Circle:4	False	False	188.0968827
ho12	AGREE	OK	OK	4	4	4	1.421085e-14	1.421085e-14	15266.94	12935.78698	12935.78698	Line:4	True	True	192.8360443
ho120	AGREE	OK	OK	4	4	4	2.842171e-14	2.842171e-14	12981.66	10838.75505	10838.75505	Line:4	True	True	186.2131574
ho1200	TESSELLATION	OK	OK	548	287	26	7.639403e-02	3.572132e-03	5729.560099	4170.174651	4170.872573	Line:4|Circle:1|BSpline:21	False	False	259.6847453
ho1203	TESSELLATION	OK	OK	315	892	16	6.960060e-02	2.538693e-03	18821.34093	11688.38737	11690.55259	Line:5|Circle:9	False	False	271.0162541
ho1205	AGREE	OK	OK	4	4	4	2.131628e-14	2.131628e-14	3358.96	2630.421159	2630.421159	Line:4	True	True	137.2368026
ho1209	AGREE	OK	OK	1116	48	48	1.052107e-13	1.109903e-13	16168.15162	13710.84855	13710.84855	BSpline:48	False	True	248.9958213
ho121	TESSELLATION	OK	OK	100	132	8	5.239547e-03	1.384974e-03	8836.550879	7164.731216	7164.674811	Line:4|Circle:4	False	False	165.7342545
ho1211	AGREE	OK	OK	4	4	4	4.263256e-14	4.263256e-14	24256.1749	20473.1554	20473.1554	Line:4	True	True	246.4646831
ho1212	AGREE	OK	OK	4	4	4	1.421085e-14	1.421085e-14	11260.15	9125.205887	9125.205887	Line:4	True	True	189.1793329
ho1215	TESSELLATION	OK	OK	1035	81	47	4.285332e-03	4.285332e-03	13839.52064	11635.23694	11635.25052	Line:3|BSpline:44	False	False	223.6194253
ho1218	AGREE	OK	OK	4	4	4	0.000000e+00	0.000000e+00	19835.2	16995.63274	16995.63274	Line:4	True	True	209.8712224
ho1219	TESSELLATION	OK	OK	100	260	8	6.973740e-03	2.222700e-03	22448.68241	17817.19721	17817.06694	Line:4|Circle:4	False	False	278.0812447
ho1220	OPPOSITE_DIRECTION	OK	OK	24	256	1	7.211702e+00	6.876053e+00	4926.519815	4108.09145	5818.680031	Circle:1	False	False	247.1378502
ho1224	AGREE	OK	OK	4	4	4	7.105427e-15	7.105427e-15	10423.25	8984.061984	8984.061984	Line:4	True	True	162.312384
ho1228	AGREE	OK	OK	4	4	4	2.561898e-14	2.561898e-14	33290.33914	27293.23069	27293.23069	Line:4	True	True	297.3101747
ho1229	AGREE	OK	OK	4	4	4	1.421085e-14	1.421085e-14	8063.79	6832.74882	6832.74882	Line:4	True	True	139.1194451
ho1230	TESSELLATION	OK	OK	100	132	8	3.860324e-03	1.589090e-03	11336.61425	8614.887927	8614.836904	Line:4|Circle:4	False	False	234.1071835
ho1234	TESSELLATION	OK	OK	569	282	27	7.961749e-02	5.768289e-03	14748.76868	11198.74915	11199.54069	Line:4|Circle:1|BSpline:22	False	False	365.5575269
ho1237	AGREE	OK	OK	4	4	4	1.421085e-14	1.421085e-14	28838.55	24098.99173	24098.99173	Line:4	True	True	253.2665592
ho1238	AGREE	OK	OK	4	4	4	2.561898e-14	2.561898e-14	15114.5	12912.34756	12912.34756	Line:4	True	True	196.7074223
ho124	AGREE	OK	OK	4	4	4	2.929643e-14	2.929643e-14	24332.18	20213.40874	20213.40874	Line:4	True	True	263.7663739
ho1241	OPPOSITE_DIRECTION	OK	OK	24	256	1	4.223142e+00	4.026445e+00	1690.930788	1410.151211	1996.992698	Circle:1	False	False	223.0441631
ho1243	AGREE	OK	OK	1120	48	48	1.273197e-13	1.379624e-13	22267.6552	18887.49632	18887.49632	BSpline:48	False	True	282.7904507
ho1245	AGREE	OK	OK	4	4	4	1.588822e-14	1.588822e-14	10440.08	8971.335586	8971.335586	Line:4	True	True	162.2456471
ho1248	OPPOSITE_DIRECTION	OK	OK	24	256	1	4.953871e+00	4.721578e+00	2357.5492	1968.652219	2781.208262	Circle:1	False	False	219.6493161
ho125	AGREE	OK	OK	4	4	4	2.131628e-14	2.131628e-14	7621.92	6325.248257	6325.248257	Line:4	True	True	158.2087545
ho1250	TESSELLATION	OK	OK	544	533	26	9.737995e-02	5.330683e-03	12759.01611	9386.71903	9388.240658	Line:4|Circle:1|BSpline:20	False	False	386.4067067
ho1253	AGREE	OK	OK	4	4	4	2.009718e-14	2.009718e-14	26656	22954.19092	22954.19092	Line:4	True	True	241.4593133
ho1254	AGREE	OK	OK	4	4	4	2.246933e-14	2.246933e-14	11378.82	9987.999824	9987.999824	Line:4	True	True	161.8332784
ho1255	TESSELLATION	OK	OK	100	132	8	2.877114e-03	2.608451e-03	11735.49692	9256.968806	9256.748115	Line:4|Circle:4	False	False	208.7625912
ho1259	AGREE	OK	OK	4	4	4	3.177644e-14	3.177644e-14	24180.18503	19752.25835	19752.25835	Line:4	True	True	261.623489
ho126	TESSELLATION	OK	OK	253	303	77	7.393281e-03	2.022263e-03	23618.7694	18853.23275	18854.06773	BSpline:8	False	False	286.5140695
ho1260	AGREE	OK	OK	4	4	4	7.105427e-15	7.105427e-15	11255.8	9080.461826	9080.461826	Line:4	True	True	188.3233921
ho1266	TESSELLATION	OK	OK	302	998	14	1.711648e-01	5.781868e-03	11485.63644	6354.372552	6356.109964	Line:5|Circle:8	False	False	239.674638
ho1267	AGREE	OK	OK	4	4	4	1.588822e-14	1.588822e-14	20794.8	17738.01763	17738.01763	Line:4	True	True	219.4012306
ho1268	TESSELLATION	OK	OK	100	132	8	4.111479e-03	2.312797e-03	11011.34195	8503.227745	8503.134998	Line:4|Circle:4	False	False	219.0638894
ho1272	TESSELLATION	OK	OK	364	970	16	6.926348e-02	2.979768e-03	8779.963857	4619.504698	4621.382037	Line:5|Circle:9	False	False	226.4518713
ho1274	AGREE	OK	OK	4	4	4	1.464821e-14	1.464821e-14	11550.6	9522.882336	9522.882336	Line:4	True	True	195.112916
ho1278	TESSELLATION	OK	OK	554	285	26	7.772525e-02	5.331209e-03	12598.49057	9473.349487	9474.146222	Line:4|Circle:1|BSpline:21	False	False	357.3670645
ho1281	TESSELLATION	OK	OK	320	933	16	9.283426e-02	3.179342e-03	13336.42281	7770.736646	7772.553288	Line:5|Circle:9	False	False	243.6241983
ho1282	AGREE	OK	OK	4	4	4	2.131628e-14	2.131628e-14	15724.26	13348.2729	13348.2729	Line:4	True	True	195.3594891
ho1287	TESSELLATION	OK	OK	1075	83	49	5.541426e-03	5.541426e-03	22683.34695	19023.22071	19023.24341	Line:3|BSpline:46	False	False	284.5009422
ho1290	TESSELLATION	OK	OK	243	815	13	9.520660e-02	3.020851e-03	14160.88957	8833.065394	8834.845385	Line:5|Circle:8	False	False	248.4371568
ho1291	AGREE	OK	OK	4	4	4	2.246933e-14	2.246933e-14	13044.48	10983.28632	10983.28632	Line:4	True	True	182.2653011
ho1292	TESSELLATION	OK	OK	253	167	40	4.386126e-03	2.455203e-03	13753.09654	10504.8443	10505.13951	BSpline:8	False	False	257.8328508
ho1295	TESSELLATION	OK	OK	1045	83	49	5.987500e-03	5.987500e-03	20124.39615	16820.25678	16820.27772	Line:3|BSpline:46	False	False	262.2259643
ho1298	TESSELLATION	OK	OK	320	899	17	6.157823e-02	4.144701e-03	7943.079383	4145.709362	4147.139598	Line:5|Circle:9	False	False	214.4480357
ho1299	AGREE	OK	OK	4	4	4	2.131628e-14	2.131628e-14	10632.32	9080.052199	9080.052199	Line:4	True	True	166.8634472
ho13	TESSELLATION	OK	OK	253	289	73	8.149511e-03	2.259730e-03	25892.12043	20775.03858	20774.71625	BSpline:8	False	False	292.5591221
ho130	AGREE	OK	OK	4	4	4	4.263256e-14	4.263256e-14	39640.4359	33208.72246	33208.72246	Line:4	True	True	300.289094
ho1306	AGREE	OK	OK	4	4	4	2.009718e-14	2.009718e-14	38326.05	31931.85248	31931.85248	Line:4	True	True	296.733382
ho1308	AGREE	OK	OK	4	4	4	1.421085e-14	1.421085e-14	13114.68	11491.47176	11491.47176	Line:4	True	True	176.5147303
ho1309	TESSELLATION	OK	OK	253	277	69	7.400499e-03	4.587450e-03	13547.2367	11070.93735	11070.55808	BSpline:8	False	False	193.0985873
ho1313	AGREE	OK	OK	1116	48	48	1.449229e-13	1.306317e-13	25087.65249	21265.47809	21265.47809	BSpline:48	False	True	298.7348321
ho1316	AGREE	OK	OK	4	4	4	7.105427e-15	7.105427e-15	14733.55	12779.57313	12779.57313	Line:4	True	True	191.0685217
ho132	AGREE	OK	OK	4	4	4	1.421085e-14	1.421085e-14	14810.46	12851.55212	12851.55212	Line:4	True	True	185.6270993
ho1322	TESSELLATION	OK	OK	316	1119	20	9.962761e-02	3.576298e-03	12220.91881	6941.515979	6943.83203	Line:5|Circle:11	False	False	221.2883639
ho1323	AGREE	OK	OK	4	4	4	2.929643e-14	2.929643e-14	14513.6	12364.9535	12364.9535	Line:4	True	True	190.906574
ho1327	TESSELLATION	OK	OK	551	529	26	9.380616e-02	5.384680e-03	13018.64204	9645.045856	9646.442004	Line:4|Circle:1|BSpline:21	False	False	377.5714472
ho133	TESSELLATION	OK	OK	253	289	74	6.784388e-03	1.767690e-03	19478.98389	15551.10004	15551.09725	BSpline:8	False	False	252.0841703
ho1330	AGREE	OK	OK	4	4	4	1.588822e-14	1.588822e-14	27575.52	23085.7992	23085.7992	Line:4	True	True	267.384461
ho1331	AGREE	OK	OK	4	4	4	2.842171e-14	2.842171e-14	19700.28	16145.45292	16145.45292	Line:4	True	True	231.7585166
ho1333	OPPOSITE_DIRECTION	OK	OK	24	256	1	3.212704e+00	3.062763e+00	982.4509445	819.637369	1159.892614	Circle:1	False	False	233.5018957
ho1335	TESSELLATION	OK	OK	1015	81	47	9.354341e-03	9.354341e-03	43317.41204	35867.25236	35867.30347	Line:3|BSpline:44	False	False	401.0831637
ho1338	TESSELLATION	OK	OK	305	1058	20	1.239045e-01	3.361016e-03	15269.59943	8990.599196	8993.039941	Line:5|Circle:11	False	False	241.6944145
ho1339	AGREE	OK	OK	4	4	4	0.000000e+00	0.000000e+00	19065.49	15981.67131	15981.67131	Line:4	True	True	220.5425583
ho1342	OPPOSITE_DIRECTION	OK	OK	24	256	1	4.339463e+00	4.137675e+00	1779.523699	1483.548585	2102.19793	Circle:1	False	False	206.2362194
ho1344	TESSELLATION	OK	OK	1021	81	47	6.723787e-03	6.723787e-03	33401.26253	28041.73783	28041.77125	Line:3|BSpline:44	False	False	342.3754756
ho1346	AGREE	OK	OK	4	4	4	2.842171e-14	2.842171e-14	30157.6	26108.76362	26108.76362	Line:4	True	True	261.2536124
ho1348	AGREE	OK	OK	4	4	4	1.464821e-14	1.464821e-14	10510.5	8609.592598	8609.592598	Line:4	True	True	173.3842265
ho1349	TESSELLATION	OK	OK	100	132	8	5.421018e-03	3.104876e-03	10889.26636	8769.300116	8769.249652	Line:4|Circle:4	False	False	184.2843154
ho1352	TESSELLATION	OK	OK	1013	81	47	6.173615e-03	6.173615e-03	26076.57117	22195.70358	22195.72611	Line:3|BSpline:44	False	False	313.3812954
ho1355	AGREE	OK	OK	4	4	4	7.105427e-15	7.105427e-15	14326.04	12479.97109	12479.97109	Line:4	True	True	190.9122311
ho1356	TESSELLATION	OK	OK	100	260	8	5.692719e-03	2.138673e-03	19546.15857	15218.90206	15218.62787	Line:4|Circle:4	False	False	274.9371987
ho1359	TESSELLATION	OK	OK	555	285	26	8.119404e-02	5.715549e-03	14480.39625	10938.11136	10938.96397	Line:4|Circle:1|BSpline:22	False	False	376.6733527
ho1362	AGREE	OK	OK	4	4	4	2.009718e-14	2.009718e-14	37098.31258	30759.72093	30759.72093	Line:4	True	True	303.1612442
ho1363	AGREE	OK	OK	4	4	4	7.105427e-15	7.105427e-15	12989.6	11165.0599	11165.0599	Line:4	True	True	173.3902246
ho137	TESSELLATION	OK	OK	293	1030	13	1.363598e-01	3.063191e-03	18064.51562	12221.95261	12225.04258	Line:5|Circle:8	False	False	244.1844794
ho138	AGREE	OK	OK	4	4	4	2.842171e-14	2.842171e-14	15578.28	13150.10166	13150.10166	Line:4	True	True	198.1832738
ho14	OPPOSITE_DIRECTION	OK	OK	24	256	1	5.160594e+00	4.918573e+00	2569.697064	2146.697057	3030.419187	Circle:1	False	False	202.3695943
ho142	AGREE	OK	OK	4	4	4	0.000000e+00	0.000000e+00	27195.48	23393.9302	23393.9302	Line:4	True	True	251.9381869
ho143	AGREE	OK	OK	4	4	4	7.105427e-15	7.105427e-15	11946.94	10319.11588	10319.11588	Line:4	True	True	165.0412676
ho147	TESSELLATION	OK	OK	224	659	15	1.189909e-01	4.134455e-03	18933.7166	12672.80541	12674.44313	Line:5|Circle:9	False	False	290.9524387
ho148	AGREE	OK	OK	4	4	4	7.105427e-15	7.105427e-15	8337.6	7113.57821	7113.57821	Line:4	True	True	141.8937983
ho153	AGREE	OK	OK	4	4	4	1.421085e-14	1.421085e-14	23791.21	20433.37589	20433.37589	Line:4	True	True	243.4269089
ho155	AGREE	OK	OK	4	4	4	7.105427e-15	7.105427e-15	7401.75	6161.503779	6161.503779	Line:4	True	True	140.1068878
ho156	TESSELLATION	OK	OK	100	260	8	5.861480e-03	1.724620e-03	15740.61777	12512.54589	12512.45105	Line:4|Circle:4	False	False	229.9955835
ho160	AGREE	OK	OK	4	4	4	7.105427e-15	7.105427e-15	19234	16758.25793	16758.25793	Line:4	True	True	208.7172729
ho162	AGREE	OK	OK	4	4	4	1.421085e-14	1.421085e-14	14869.56	12102.35236	12102.35236	Line:4	True	True	212.4768693
ho167	TESSELLATION	OK	OK	301	877	17	8.646876e-02	7.375295e-03	14845.12474	7964.090955	7967.490992	Line:5|Circle:9	False	False	285.3256212
ho168	AGREE	OK	OK	4	4	4	0.000000e+00	0.000000e+00	13803.9	11649.56314	11649.56314	Line:4	True	True	181.1913353
ho17	TESSELLATION	OK	OK	245	1009	16	1.672069e-01	5.243842e-03	10921.11448	6521.37964	6523.105528	Line:5|Circle:11	False	False	205.7713294
ho172	TESSELLATION	OK	OK	345	1331	21	4.449217e-01	2.753004e-03	17589.68518	9420.524019	9424.187987	Line:5|Circle:11	False	False	272.170199
ho173	AGREE	OK	OK	4	4	4	1.421085e-14	1.421085e-14	12096	10441.11722	10441.11722	Line:4	True	True	165.6208018
ho178	AGREE	OK	OK	4	4	4	1.421085e-14	1.421085e-14	23939.11	20143.67521	20143.67521	Line:4	True	True	231.7934857
ho179	AGREE	OK	OK	4	4	4	7.105427e-15	7.105427e-15	16170.84	13181.67616	13181.67616	Line:4	True	True	220.2602325
ho18	AGREE	OK	OK	4	4	4	7.105427e-15	7.105427e-15	15733.5	13643.37907	13643.37907	Line:4	True	True	184.319885
ho180	TESSELLATION	OK	OK	100	132	8	2.548040e-03	2.329280e-03	9207.264988	7271.949447	7271.937482	Line:4|Circle:4	False	False	181.1979671
ho183	AGREE	OK	OK	4	4	4	1.421085e-14	1.421085e-14	30448.38	25774.67687	25774.67687	Line:4	True	True	261.969273
ho184	AGREE	OK	OK	4	4	4	7.105427e-15	7.105427e-15	10730.91	9211.126226	9211.126226	Line:4	True	True	156.5625115
ho185	NOT_BOTH_OK	OK	TIMEOUT	253	255	0			18395.40777	14620.79561	0	-	False	False	258.1550168
ho189	TESSELLATION	OK	OK	180	827	8	2.544130e-01	4.206992e-03	18107.22617	12468.57855	12469.93337	Line:5|Circle:4	False	False	253.5137996
ho190	AGREE	OK	OK	4	4	4	1.588822e-14	1.588822e-14	14538.68	12373.31251	12373.31251	Line:4	True	True	187.1267218
ho191	TESSELLATION	OK	OK	100	260	8	7.074420e-03	1.956935e-03	20440.62789	16383.46433	16383.29659	Line:4|Circle:4	False	False	249.0151834
ho195	AGREE	OK	OK	4	4	4	2.131628e-14	2.131628e-14	24089	19999.17461	19999.17461	Line:4	True	True	255.9794132
ho196	AGREE	OK	OK	4	4	4	1.421085e-14	1.421085e-14	17160	14189.33091	14189.33091	Line:4	True	True	221.76465
ho197	TESSELLATION	OK	OK	100	260	8	6.081950e-03	1.748310e-03	15742.19286	12569.1576	12569.04344	Line:4|Circle:4	False	False	222.2688949
ho2	TESSELLATION	OK	OK	100	260	8	6.729104e-03	1.918743e-03	21399.91844	16974.44963	16974.33048	Line:4|Circle:4	False	False	265.617791
ho20	OPPOSITE_DIRECTION	OK	OK	24	256	1	4.424701e+00	4.218655e+00	1855.079001	1546.951833	2190.96004	Circle:1	False	False	209.5792435
ho202	AGREE	OK	OK	4	4	4	2.009718e-14	2.009718e-14	28531.11542	23364.09048	23364.09048	Line:4	True	True	275.3076461
ho203	AGREE	OK	OK	4	4	4	7.105427e-15	7.105427e-15	15995.97	12878.014	12878.014	Line:4	True	True	221.501377
ho208	TESSELLATION	OK	OK	247	748	18	1.775210e-01	7.485338e-03	14390.43401	8881.556867	8883.384947	Line:5|Circle:9	False	False	254.7040047
ho209	AGREE	OK	OK	4	4	4	1.421085e-14	1.421085e-14	13587.25	10947.34745	10947.34745	Line:4	True	True	212.4809168
ho210	TESSELLATION	OK	OK	100	132	8	5.476505e-03	3.080655e-03	8839.719024	7180.208608	7180.138905	Line:4|Circle:4	False	False	155.5370435
ho211	OPPOSITE_DIRECTION	OK	OK	24	256	1	6.452416e+00	6.154191e+00	3892.558866	3241.644781	4602.542053	Circle:1	False	False	242.4464465
ho214	AGREE	OK	OK	4	4	4	2.131628e-14	2.131628e-14	19573.33626	16059.77344	16059.77344	Line:4	True	True	233.8287621
ho215	AGREE	OK	OK	4	4	4	1.588822e-14	1.588822e-14	10970.27	9226.845945	9226.845945	Line:4	True	True	176.3600295
ho216	TESSELLATION	OK	OK	100	260	8	8.007157e-03	1.466692e-03	15289.98997	12538.04532	12537.68938	Line:4|Circle:4	False	False	200.5325987
ho219	TESSELLATION	OK	OK	248	911	12	1.194777e-01	3.357309e-03	18902.88437	12926.6531	12928.94208	Line:5|Circle:8	False	False	261.2575166
ho220	AGREE	OK	OK	4	4	4	1.464821e-14	1.464821e-14	6528.48	5483.736428	5483.736428	Line:4	True	True	138.4545052
ho221	TESSELLATION	OK	OK	100	260	8	7.469327e-03	2.067682e-03	24870.06588	19813.99517	19813.83247	Line:4|Circle:4	False	False	281.6478942
ho225	AGREE	OK	OK	4	4	4	2.842171e-14	2.842171e-14	29248.7447	24290.95523	24290.95523	Line:4	True	True	258.1933384
ho226	AGREE	OK	OK	4	4	4	7.105427e-15	7.105427e-15	11917.74	9985.14336	9985.14336	Line:4	True	True	177.1694669
ho23	TESSELLATION	OK	OK	354	969	16	7.345395e-02	4.446776e-03	9273.282594	4871.39439	4873.171766	Line:5|Circle:9	False	False	219.9578596
ho232	AGREE	OK	OK	4	4	4	2.842171e-14	2.842171e-14	26522.8161	22330.38031	22330.38031	Line:4	True	True	242.4877935
ho233	AGREE	OK	OK	4	4	4	1.588822e-14	1.588822e-14	10904.87	9247.342892	9247.342892	Line:4	True	True	159.1092078
ho239	AGREE	OK	OK	4	4	4	2.842171e-14	2.842171e-14	31991.85	26592.54101	26592.54101	Line:4	True	True	295.6782373
ho240	AGREE	OK	OK	4	4	4	7.105427e-15	7.105427e-15	8791.2	7463.713216	7463.713216	Line:4	True	True	144.9288446
ho245	TESSELLATION	OK	OK	312	1210	21	3.169524e-01	3.076271e-03	13805.74399	7402.045254	7404.879046	Line:5|Circle:11	False	False	245.5889452
ho246	AGREE	OK	OK	4	4	4	1.421085e-14	1.421085e-14	8942.5	7652.821035	7652.821035	Line:4	True	True	152.4532059
ho249	OPPOSITE_DIRECTION	OK	OK	24	256	1	4.494748e+00	4.286354e+00	1932.205098	1612.626781	2280.43343	Circle:1	False	False	191.9936495
ho25	AGREE	OK	OK	4	4	4	1.464821e-14	1.464821e-14	8913.6	7273.45961	7273.45961	Line:4	True	True	164.6443743
ho252	AGREE	OK	OK	4	4	4	4.263256e-14	4.263256e-14	32924.98	27852.5136	27852.5136	Line:4	True	True	278.5687348
ho253	AGREE	OK	OK	4	4	4	1.421085e-14	1.421085e-14	16203.78	13679.71685	13679.71685	Line:4	True	True	203.8973761
ho254	TESSELLATION	OK	OK	100	132	8	5.327684e-03	2.996940e-03	15699.78541	12305.771	12305.54369	Line:4|Circle:4	False	False	244.4561224
ho260	AGREE	OK	OK	4	4	4	1.421085e-14	1.421085e-14	15192.9	12312.48565	12312.48565	Line:4	True	True	221.6155455
ho265	AGREE	OK	OK	4	4	4	2.131628e-14	2.131628e-14	19382.38	16024.16037	16024.16037	Line:4	True	True	227.3263073
ho267	AGREE	OK	OK	4	4	4	1.588822e-14	1.588822e-14	12703.32	11027.42368	11027.42368	Line:4	True	True	183.5632044
ho268	TESSELLATION	OK	OK	100	260	8	5.707861e-03	1.799104e-03	15210.31384	12062.73919	12062.65344	Line:4|Circle:4	False	False	228.8203151
ho273	AGREE	OK	OK	4	4	4	1.421085e-14	1.421085e-14	36173.58	30902.82067	30902.82067	Line:4	True	True	279.6766883
ho274	AGREE	OK	OK	4	4	4	1.588822e-14	1.588822e-14	21156.24	17603.98265	17603.98265	Line:4	True	True	231.2724151
ho275	TESSELLATION	OK	OK	100	260	8	8.037035e-03	1.774141e-03	20299.00768	16483.11581	16482.83117	Line:4|Circle:4	False	False	232.2796296
ho279	TESSELLATION	OK	OK	306	921	14	6.661408e-02	2.949300e-03	8918.947822	5067.084288	5068.345803	Line:5|Circle:9	False	False	211.2666798
ho281	AGREE	OK	OK	4	4	4	7.105427e-15	7.105427e-15	10162.28	8601.893641	8601.893641	Line:4	True	True	165.3119778
ho285	AGREE	OK	OK	4	4	4	2.009718e-14	2.009718e-14	18405.52	16007.85455	16007.85455	Line:4	True	True	205.4114164
ho286	AGREE	OK	OK	4	4	4	1.464821e-14	1.464821e-14	11813.17	9568.793235	9568.793235	Line:4	True	True	188.7055643
ho291	AGREE	OK	OK	4	4	4	1.421085e-14	1.421085e-14	30902.04	25523.05115	25523.05115	Line:4	True	True	293.1270373
ho292	AGREE	OK	OK	4	4	4	7.105427e-15	7.105427e-15	14863.16	12540.10694	12540.10694	Line:4	True	True	183.2871518
ho293	TESSELLATION	OK	OK	100	132	8	2.367744e-03	2.175592e-03	8043.827693	6362.25176	6362.240791	Line:4|Circle:4	False	False	171.6031326
ho296	TESSELLATION	OK	OK	206	412	9	1.084041e-02	2.247117e-03	7281.998161	5687.756165	5688.060203	Line:3|Circle:6	False	False	245.4109331
ho298	AGREE	OK	OK	4	4	4	2.131628e-14	2.131628e-14	11912.31	10044.46594	10044.46594	Line:4	True	True	165.2910766
ho301	OPPOSITE_DIRECTION	OK	OK	24	512	1	7.876396e+00	7.507695e+00	5862.96573	4888.275458	6926.035421	Circle:1	False	False	244.9946466
ho304	AGREE	OK	OK	4	4	4	1.421085e-14	1.421085e-14	21678.3	18021.25613	18021.25613	Line:4	True	True	242.3804654
ho305	AGREE	OK	OK	4	4	4	1.421085e-14	1.421085e-14	16045.44	13487.58412	13487.58412	Line:4	True	True	201.165504
ho306	TESSELLATION	OK	OK	251	149	70	5.160568e-03	4.426307e-03	14750.21044	11510.67352	11510.62465	BSpline:8	False	False	245.0744787
ho31	TESSELLATION	OK	OK	274	1223	16	6.156366e-01	4.590820e-03	16964.18512	10566.46352	10568.81206	Line:5|Circle:8	False	False	255.7064528
ho310	TESSELLATION	OK	OK	284	991	13	1.350133e-01	2.896205e-03	16001.88475	10604.33808	10605.64316	Line:5|Circle:8	False	False	230.4489531
ho311	AGREE	OK	OK	4	4	4	1.588822e-14	1.588822e-14	17051.36	14773.40881	14773.40881	Line:4	True	True	202.1550395
ho317	TESSELLATION	OK	OK	271	798	18	2.288279e-01	7.606334e-03	18599.86533	11863.39192	11865.77533	Line:5|Circle:9	False	False	277.2420387
ho318	AGREE	OK	OK	4	4	4	2.131628e-14	2.131628e-14	10558.59	9123.091336	9123.091336	Line:4	True	True	160.7316397
ho319	TESSELLATION	OK	OK	100	132	8	4.628774e-03	2.680556e-03	16327.7133	12477.12464	12477.03047	Line:4|Circle:4	False	False	271.9672195
ho32	TESSELLATION	OK	OK	24	512	1	5.391766e-01	2.016872e-03	12502.65009	10866.5161	10866.8183	Circle:1	False	False	209.821853
ho320	OPPOSITE_DIRECTION	OK	OK	24	256	1	3.939612e+00	3.757329e+00	1452.201169	1209.464066	1716.956073	Circle:1	False	False	216.9358608
ho323	TESSELLATION	OK	OK	229	996	13	9.623151e-02	2.977514e-03	20512.9957	13246.91904	13249.27495	Line:5|Circle:8	False	False	281.4995915
ho324	AGREE	OK	OK	4	4	4	4.263256e-14	4.263256e-14	11080.74	8888.324512	8888.324512	Line:4	True	True	206.8985742
ho325	TESSELLATION	OK	OK	100	260	8	6.930438e-03	2.066697e-03	21435.13017	17042.25929	17042.12393	Line:4|Circle:4	False	False	262.5187719
ho330	AGREE	OK	OK	4	4	4	1.065814e-14	1.065814e-14	12486.5	9919.822091	9919.822091	Line:4	True	True	216.5719511
ho331	TESSELLATION	OK	OK	100	132	8	5.462126e-03	3.092453e-03	17869.80282	13903.66469	13903.46085	Line:4|Circle:4	False	False	262.2537627
ho334	AGREE	OK	OK	4	4	4	2.842171e-14	2.842171e-14	21580.74	17888.42851	17888.42851	Line:4	True	True	253.1336011
ho335	AGREE	OK	OK	4	4	4	1.776357e-14	1.776357e-14	8756.68	7308.431222	7308.431222	Line:4	True	True	165.2538956
ho339	TESSELLATION	OK	OK	271	1060	17	1.385911e-01	3.945215e-03	14096.84404	9142.380428	9145.583386	Line:5|Circle:8	False	False	237.2490253
ho340	AGREE	OK	OK	4	4	4	2.131628e-14	2.131628e-14	6982.92	5825.542358	5825.542358	Line:4	True	True	134.0809457
ho341	TESSELLATION	OK	OK	100	132	8	3.804571e-03	2.140155e-03	9760.726153	7507.558722	7507.487068	Line:4|Circle:4	False	False	205.1297806
ho345	TESSELLATION	OK	OK	335	954	16	7.969413e-02	3.119830e-03	21392.13562	12972.28516	12975.23161	Line:5|Circle:9	False	False	289.7994651
ho346	AGREE	OK	OK	4	4	4	7.105427e-15	7.105427e-15	9781.44	8313.14243	8313.14243	Line:4	True	True	153.8642584
ho348	OPPOSITE_DIRECTION	OK	OK	24	256	1	6.620877e+00	6.313910e+00	4116.868576	3430.014637	4865.895325	Circle:1	False	False	184.9412923
ho351	AGREE	OK	OK	4	4	4	2.842171e-14	2.842171e-14	26906.06876	22465.16784	22465.16784	Line:4	True	True	254.0691245
ho352	AGREE	OK	OK	4	4	4	1.588822e-14	1.588822e-14	19377.84	16377.19453	16377.19453	Line:4	True	True	220.7208191
ho357	TESSELLATION	OK	OK	287	777	18	1.218319e-01	5.107283e-03	13852.09979	8967.864944	8969.672371	Line:5|Circle:9	False	False	233.7117455
ho358	AGREE	OK	OK	4	4	4	1.421085e-14	1.421085e-14	14874.56	12094.96146	12094.96146	Line:4	True	True	224.3437764
ho363	TESSELLATION	OK	OK	250	1180	13	1.050138e-01	3.187045e-03	11916.0955	6754.306635	6757.23942	Line:5|Circle:8	False	False	231.4603638
ho364	AGREE	OK	OK	4	4	4	7.105427e-15	7.105427e-15	10686	9216.052622	9216.052622	Line:4	True	True	172.5723616
ho37	TESSELLATION	OK	OK	264	964	20	9.007326e-02	3.086756e-03	16984.30446	10688.94265	10690.68022	Line:5|Circle:11	False	False	253.6071963
ho370	TESSELLATION	OK	OK	292	1193	13	1.652491e-01	2.792883e-03	25123.23058	16710.3802	16714.91314	Line:5|Circle:8	False	False	278.2509055
ho372	TESSELLATION	OK	OK	24	512	1	5.156141e-01	1.885252e-03	11421.21905	9926.60434	9926.880401	Circle:1	False	False	197.0852354
ho377	TESSELLATION	OK	OK	307	1049	15	8.475693e-02	2.887366e-03	18951.35798	11291.24063	11294.67857	Line:5|Circle:9	False	False	284.1169147
ho378	AGREE	OK	OK	4	4	4	7.105427e-15	7.105427e-15	6646.65	5516.417564	5516.417564	Line:4	True	True	138.7903095
ho379	TESSELLATION	OK	OK	100	260	8	5.457076e-03	1.407935e-03	11081.29316	8938.900468	8938.78335	Line:4|Circle:4	False	False	188.7082269
ho38	AGREE	OK	OK	4	4	4	1.421085e-14	1.421085e-14	16842.52	14153.23651	14153.23651	Line:4	True	True	202.9154011
ho380	OPPOSITE_DIRECTION	OK	OK	24	256	1	4.060625e+00	3.870608e+00	1578.014864	1317.211888	1862.179411	Circle:1	False	False	214.7323552
ho383	AGREE	OK	OK	4	4	4	2.009718e-14	2.009718e-14	35112.3304	29103.48728	29103.48728	Line:4	True	True	299.9677649
ho384	AGREE	OK	OK	4	4	4	2.131628e-14	2.131628e-14	13495.83	11807.61592	11807.61592	Line:4	True	True	175.4770355
ho385	TESSELLATION	OK	OK	100	260	8	7.730188e-03	2.339527e-03	26589.31979	21178.15646	21177.98419	Line:4|Circle:4	False	False	295.349802
ho390	AGREE	OK	OK	4	4	4	1.421085e-14	1.421085e-14	26654.81	23031.3147	23031.3147	Line:4	True	True	241.4780114
ho392	AGREE	OK	OK	4	4	4	1.421085e-14	1.421085e-14	18338.76	15241.06986	15241.06986	Line:4	True	True	206.2547212
ho393	TESSELLATION	OK	OK	100	132	8	4.370070e-03	2.533205e-03	14259.71409	10928.48845	10928.39733	Line:4|Circle:4	False	False	255.1536437
ho396	AGREE	OK	OK	4	4	4	4.263256e-14	4.263256e-14	26572.1841	22085.61083	22085.61083	Line:4	True	True	257.2291585
ho397	AGREE	OK	OK	4	4	4	2.009718e-14	2.009718e-14	18244.8	15289.38188	15289.38188	Line:4	True	True	205.2497259
ho400	AGREE	OK	OK	4	4	4	2.009718e-14	2.009718e-14	34798.33	28734.2605	28734.2605	Line:4	True	True	287.880166
ho401	AGREE	OK	OK	4	4	4	7.105427e-15	7.105427e-15	10234.4	8678.606339	8678.606339	Line:4	True	True	166.486576
ho402	TESSELLATION	OK	OK	100	260	8	6.532754e-03	1.613462e-03	14006.43528	11335.54987	11335.3743	Line:4|Circle:4	False	False	206.4811664
ho406	AGREE	OK	OK	4	4	4	1.421085e-14	1.421085e-14	37581.72	31826.11397	31826.11397	Line:4	True	True	298.0734809
ho407	AGREE	OK	OK	4	4	4	7.105427e-15	7.105427e-15	12154.9	10363.83523	10363.83523	Line:4	True	True	170.520292
ho408	NOT_BOTH_OK	OK	TIMEOUT	253	294	0			14870.66606	12029.12088	0	-	False	False	208.6156619
ho412	TESSELLATION	OK	OK	310	1265	19	3.379960e-01	2.912018e-03	27093.00329	16718.30731	16722.14464	Line:5|Circle:11	False	False	311.671805
ho413	AGREE	OK	OK	4	4	4	1.588822e-14	1.588822e-14	17389.79	14870.57077	14870.57077	Line:4	True	True	203.9932107
ho414	TESSELLATION	OK	OK	100	260	8	7.990508e-03	1.639888e-03	19757.20479	16050.38159	16050.09884	Line:4|Circle:4	False	False	227.6327337
ho417	AGREE	OK	OK	4	4	4	1.588822e-14	1.588822e-14	22144.2	18507.34844	18507.34844	Line:4	True	True	232.3994836
ho418	AGREE	OK	OK	4	4	4	2.009718e-14	2.009718e-14	16768.17	13850.81631	13850.81631	Line:4	True	True	218.4099357
ho420	OPPOSITE_DIRECTION	OK	OK	24	256	1	5.216276e+00	4.972957e+00	2587.698389	2158.671675	3055.290109	Circle:1	False	False	191.7488358
ho423	AGREE	OK	OK	4	4	4	1.065814e-14	1.065814e-14	10376.17	8535.827547	8535.827547	Line:4	True	True	181.7736505
ho424	TESSELLATION	OK	OK	100	260	8	7.798947e-03	1.857083e-03	20771.93162	16762.93984	16762.70211	Line:4|Circle:4	False	False	253.4468437
ho429	AGREE	OK	OK	4	4	4	1.421085e-14	1.421085e-14	16017.25	12973.87085	12973.87085	Line:4	True	True	232.838721
ho43	TESSELLATION	OK	OK	279	1137	13	1.762637e-01	3.779312e-03	26101.80555	17177.23295	17179.65825	Line:5|Circle:8	False	False	289.1925829
ho430	TESSELLATION	OK	OK	100	260	8	6.412777e-03	1.601636e-03	16431.03433	13161.23461	13161.09986	Line:4|Circle:4	False	False	221.5464488
ho432	OPPOSITE_DIRECTION	OK	OK	24	256	1	7.270930e+00	6.929206e+00	5102.229088	4262.521757	6016.802184	Circle:1	False	False	194.1216548
ho434	AGREE	OK	OK	4	4	4	4.263256e-14	4.263256e-14	39780.1404	33098.73465	33098.73465	Line:4	True	True	300.0794228
ho435	AGREE	OK	OK	4	4	4	1.421085e-14	1.421085e-14	24680.88	20886.21246	20886.21246	Line:4	True	True	245.8334802
ho436	TESSELLATION	OK	OK	100	260	8	5.804419e-03	1.632128e-03	13409.46782	10754.9294	10754.81369	Line:4|Circle:4	False	False	208.1813293
ho439	AGREE	OK	OK	4	4	4	7.105427e-15	7.105427e-15	24975.67206	20578.80336	20578.80336	Line:4	True	True	256.74129
ho44	AGREE	OK	OK	4	4	4	1.588822e-14	1.588822e-14	17609.54	15423.79231	15423.79231	Line:4	True	True	202.9841619
ho440	AGREE	OK	OK	4	4	4	1.421085e-14	1.421085e-14	22686.18	19034.95618	19034.95618	Line:4	True	True	232.2336324
ho441	TESSELLATION	OK	OK	100	260	8	6.965407e-03	1.825914e-03	21002.99828	16773.27051	16773.12028	Line:4|Circle:4	False	False	252.8413101
ho445	AGREE	OK	OK	4	4	4	0.000000e+00	0.000000e+00	26512.5	21627.59661	21627.59661	Line:4	True	True	282.6291032
ho447	AGREE	OK	OK	4	4	4	3.552714e-15	3.552714e-15	9043.68	7443.1261	7443.1261	Line:4	True	True	161.2279442
ho448	TESSELLATION	OK	OK	253	161	39	5.478241e-03	3.070493e-03	10074.26291	8160.365522	8160.50641	BSpline:8	False	False	173.6109707
ho45	NOT_BOTH_OK	OK	DEFER	253	303	0			20654.29268	16646.40996	0	-	False	False	250.5277484
ho450	AGREE	OK	OK	4	4	4	2.009718e-14	2.009718e-14	34262.4	29404.28469	29404.28469	Line:4	True	True	279.2636747
ho451	AGREE	OK	OK	4	4	4	7.105427e-15	7.105427e-15	14052.5	11808.91037	11808.91037	Line:4	True	True	182.6070371
ho455	AGREE	OK	OK	4	4	4	1.588822e-14	1.588822e-14	17174.9424	14627.38993	14627.38993	Line:4	True	True	205.1862812
ho456	AGREE	OK	OK	4	4	4	1.588822e-14	1.588822e-14	11995.56	10454.98193	10454.98193	Line:4	True	True	167.6929635
ho457	TESSELLATION	OK	OK	253	295	78	6.636548e-03	2.731279e-03	12565.16899	10267.0827	10267.279	BSpline:8	False	False	189.4413647
ho46	OPPOSITE_DIRECTION	OK	OK	24	256	1	6.298952e+00	6.004734e+00	3782.760206	3156.381851	4465.365368	Circle:1	False	False	212.1283919
ho461	AGREE	OK	OK	4	4	4	1.421085e-14	1.421085e-14	39742.56	33431.7256	33431.7256	Line:4	True	True	299.8188953
ho462	AGREE	OK	OK	4	4	4	1.588822e-14	1.588822e-14	16288.14	14143.01135	14143.01135	Line:4	True	True	187.7342004
ho467	TESSELLATION	OK	OK	279	1372	13	1.988335e-01	3.031739e-03	33594.50171	22318.6455	22321.83324	Line:5|Circle:8	False	False	322.8203525
ho468	AGREE	OK	OK	4	4	4	5.684342e-14	5.684342e-14	11988.02	9639.76434	9639.76434	Line:4	True	True	214.293397
ho469	TESSELLATION	OK	OK	100	132	8	4.644718e-03	2.612756e-03	8391.745491	6738.104747	6738.074456	Line:4|Circle:4	False	False	163.0660174
ho471	OPPOSITE_DIRECTION	OK	OK	24	256	1	6.399683e+00	6.100377e+00	3914.707094	3267.309224	4620.13609	Circle:1	False	False	207.1812737
ho475	AGREE	OK	OK	4	4	4	2.842171e-14	2.842171e-14	16536.96	13621.25227	13621.25227	Line:4	True	True	216.2939897
ho481	AGREE	OK	OK	4	4	4	1.588822e-14	1.588822e-14	16126.8864	13583.48192	13583.48192	Line:4	True	True	198.9018602
ho482	TESSELLATION	OK	OK	24	512	1	4.508528e-01	1.675475e-03	8725.113647	7583.319312	7583.530206	Circle:1	False	False	174.7158837
ho486	AGREE	OK	OK	4	4	4	2.842171e-14	2.842171e-14	28528.5	24094.08239	24094.08239	Line:4	True	True	255.7420184
ho487	AGREE	OK	OK	4	4	4	1.421085e-14	1.421085e-14	9977.35	8376.37749	8376.37749	Line:4	True	True	159.1216516
ho488	TESSELLATION	OK	OK	100	132	8	2.333881e-03	2.124753e-03	7767.219573	6132.72756	6132.718007	Line:4|Circle:4	False	False	165.1019139
ho49	AGREE	OK	OK	4	4	4	0.000000e+00	0.000000e+00	22224.81	19276.04757	19276.04757	Line:4	True	True	222.9318057
ho491	AGREE	OK	OK	4	4	4	1.421085e-14	1.421085e-14	16533.97	14160.39898	14160.39898	Line:4	True	True	199.4416957
ho492	AGREE	OK	OK	4	4	4	1.065814e-14	1.065814e-14	7512.48	6311.477436	6311.477436	Line:4	True	True	148.33597
ho497	AGREE	OK	OK	4	4	4	0.000000e+00	0.000000e+00	27822.24	23846.47314	23846.47314	Line:4	True	True	249.9675379
ho498	AGREE	OK	OK	4	4	4	7.105427e-15	7.105427e-15	15192.25	12510.91972	12510.91972	Line:4	True	True	201.6889437
ho5	AGREE	OK	OK	4	4	4	1.421085e-14	1.421085e-14	17149.89058	14264.28072	14264.28072	Line:4	True	True	206.6797523
ho50	AGREE	OK	OK	4	4	4	2.009718e-14	2.009718e-14	16497.87	14391.61115	14391.61115	Line:4	True	True	189.6833941
ho503	TESSELLATION	OK	OK	354	1013	16	1.428775e-01	4.990538e-03	8619.370327	4799.44896	4800.747826	Line:5|Circle:9	False	False	197.5686969
ho504	AGREE	OK	OK	4	4	4	0.000000e+00	0.000000e+00	13882.64	11358.05375	11358.05375	Line:4	True	True	209.1828387
ho505	TESSELLATION	OK	OK	100	260	8	7.997576e-03	2.290696e-03	27327.60311	21813.99588	21813.79955	Line:4|Circle:4	False	False	294.0196881
ho509	AGREE	OK	OK	4	4	4	2.842171e-14	2.842171e-14	28306.32	23364.18649	23364.18649	Line:4	True	True	274.5131873
ho511	AGREE	OK	OK	4	4	4	2.929643e-14	2.929643e-14	23717.48	19879.26264	19879.26264	Line:4	True	True	240.6218818
ho512	TESSELLATION	OK	OK	100	260	8	6.319652e-03	1.374022e-03	11353.78851	9286.695647	9286.453529	Line:4|Circle:4	False	False	180.8024625
ho515	TESSELLATION	OK	OK	304	1103	22	2.914905e-01	8.406709e-03	15219.46634	8074.343583	8077.022636	Line:5|Circle:11	False	False	261.3148675
ho517	TESSELLATION	OK	OK	24	512	1	4.296134e-01	1.578963e-03	7923.248531	6886.388652	6886.580164	Circle:1	False	False	165.099364
ho519	OPPOSITE_DIRECTION	OK	OK	24	256	1	3.543475e+00	3.378996e+00	1182.369782	985.3660235	1397.179724	Circle:1	False	False	196.6378418
ho522	TESSELLATION	OK	OK	216	633	13	7.714043e-02	3.117335e-03	14906.64659	9797.660555	9799.260601	Line:5|Circle:8	False	False	246.1417072
ho524	AGREE	OK	OK	4	4	4	1.588822e-14	1.588822e-14	15209.52	12933.5083	12933.5083	Line:4	True	True	192.7560635
ho526	OPPOSITE_DIRECTION	OK	OK	24	512	1	8.312832e+00	7.921030e+00	6618.738656	5525.766907	7810.086725	Circle:1	False	False	216.2391486
ho528	AGREE	OK	OK	4	4	4	1.588822e-14	1.588822e-14	16765.29	13830.90025	13830.90025	Line:4	True	True	209.0513334
ho533	TESSELLATION	OK	OK	316	929	16	5.704318e-02	2.446238e-03	9049.723707	5229.904109	5231.107433	Line:5|Circle:9	False	False	208.3514872
ho534	AGREE	OK	OK	4	4	4	1.004859e-14	1.004859e-14	15681.6	13590.01317	13590.01317	Line:4	True	True	187.5139461
ho535	TESSELLATION	OK	OK	100	132	8	2.178854e-03	2.025115e-03	6816.451222	5400.803956	5400.793409	Line:4|Circle:4	False	False	160.901105
ho536	OPPOSITE_DIRECTION	OK	OK	24	256	1	7.116474e+00	6.784932e+00	4802.898147	4005.489354	5672.096911	Circle:1	False	False	280.2100196
ho539	AGREE	OK	OK	4	4	4	1.421085e-14	1.421085e-14	28835.1	25001.41486	25001.41486	Line:4	True	True	254.1480868
ho541	AGREE	OK	OK	4	4	4	7.105427e-15	7.105427e-15	22621.35	19215.07187	19215.07187	Line:4	True	True	234.2262795
ho542	TESSELLATION	OK	OK	253	210	76	5.849016e-03	3.130641e-03	17131.91163	13517.35614	13517.50848	BSpline:8	False	False	246.9903437
ho547	AGREE	OK	OK	4	4	4	4.263256e-14	4.263256e-14	24222.66	19858.49039	19858.49039	Line:4	True	True	260.232473
ho549	AGREE	OK	OK	4	4	4	1.421085e-14	1.421085e-14	12734.7	10189.83533	10189.83533	Line:4	True	True	214.3426462
ho55	AGREE	OK	OK	4	4	4	2.842171e-14	2.842171e-14	26128.9	21757.75495	21757.75495	Line:4	True	True	270.5140477
ho550	TESSELLATION	OK	OK	100	260	8	6.206502e-03	1.422966e-03	12395.05417	10029.86486	10029.70491	Line:4|Circle:4	False	False	191.6409664
ho552	OPPOSITE_DIRECTION	OK	OK	24	256	1	3.836022e+00	3.658074e+00	1385.442326	1154.579158	1637.174461	Circle:1	False	False	206.902439
ho554	TESSELLATION	OK	OK	225	979	13	1.298664e-01	3.579696e-03	22355.42027	14656.28529	14658.64763	Line:5|Circle:8	False	False	294.3087664
ho555	AGREE	OK	OK	4	4	4	1.588822e-14	1.588822e-14	19784.14	16749.30625	16749.30625	Line:4	True	True	222.2705783
ho559	AGREE	OK	OK	4	4	4	1.421085e-14	1.421085e-14	29795.04	25091.9063	25091.9063	Line:4	True	True	256.2633801
ho56	AGREE	OK	OK	4	4	4	7.105427e-15	7.105427e-15	9753.03	8289.789237	8289.789237	Line:4	True	True	161.4569292
ho560	AGREE	OK	OK	4	4	4	1.421085e-14	1.421085e-14	8841.2	7171.444265	7171.444265	Line:4	True	True	174.4126142
ho561	TESSELLATION	OK	OK	100	132	8	4.659884e-03	2.621287e-03	7504.265108	6064.043455	6064.004147	Line:4|Circle:4	False	False	151.222186
ho566	AGREE	OK	OK	4	4	4	7.105427e-15	7.105427e-15	4168	3278.724085	3278.724085	Line:4	True	True	152.1033201
ho57	TESSELLATION	OK	OK	100	132	8	5.148442e-03	2.896112e-03	14609.13988	11438.3083	11438.09877	Line:4|Circle:4	False	False	235.1843919
ho571	AGREE	OK	OK	4	4	4	1.421085e-14	1.421085e-14	32471.78	27459.00517	27459.00517	Line:4	True	True	280.5739475
ho572	OPPOSITE_DIRECTION	OK	OK	24	512	1	7.364505e+00	6.927885e+00	8219.419344	7143.801671	9370.208689	Circle:1	False	False	181.1656976
ho573	TESSELLATION	OK	OK	100	260	8	7.414099e-03	1.579751e-03	15848.35605	12884.07333	12883.81759	Line:4|Circle:4	False	False	213.455149
ho574	OPPOSITE_DIRECTION	OK	OK	24	256	1	3.893788e+00	3.711464e+00	1452.201169	1212.29251	1713.589772	Circle:1	False	False	201.4189031
ho577	TESSELLATION	OK	OK	275	994	19	1.112111e-01	4.343213e-03	22304.31797	13770.3253	13773.02753	Line:5|Circle:11	False	False	294.9207012
ho579	AGREE	OK	OK	4	4	4	1.588822e-14	1.588822e-14	16579.96	13772.521	13772.521	Line:4	True	True	208.3822689
ho583	AGREE	OK	OK	4	4	4	2.842171e-14	2.842171e-14	26918.79391	22502.73284	22502.73284	Line:4	True	True	251.9828962
ho585	AGREE	OK	OK	4	4	4	1.421085e-14	1.421085e-14	18425.2	15982.53614	15982.53614	Line:4	True	True	206.7560882
ho586	TESSELLATION	OK	OK	102	277	31	7.366954e-03	4.075619e-03	16963.07141	13749.16218	13748.8766	BSpline:8	False	False	215.5050214
ho59	AGREE	OK	OK	4	4	4	1.421085e-14	1.421085e-14	17023.84	14324.56869	14324.56869	Line:4	True	True	212.3416351
ho591	AGREE	OK	OK	4	4	4	1.421085e-14	1.421085e-14	12896.41	10817.5849	10817.5849	Line:4	True	True	184.8776352
ho594	OPPOSITE_DIRECTION	OK	OK	24	256	1	5.465934e+00	5.210695e+00	2846.31429	2374.829036	3360.139404	Circle:1	False	False	196.9514024
ho597	AGREE	OK	OK	4	4	4	2.842171e-14	2.842171e-14	41336.24	34975.37895	34975.37895	Line:4	True	True	304.4348206
ho598	AGREE	OK	OK	4	4	4	2.131628e-14	2.131628e-14	14957.8	12712.21795	12712.21795	Line:4	True	True	184.6179027
ho599	TESSELLATION	OK	OK	100	260	8	6.134552e-03	2.055574e-03	20304.15276	15940.74276	15940.36765	Line:4|Circle:4	False	False	272.485148
ho6	AGREE	OK	OK	4	4	4	1.421085e-14	1.421085e-14	10181.25	8582.126462	8582.126462	Line:4	True	True	160.940082
ho602	TESSELLATION	OK	OK	531	285	26	6.107347e-02	4.042340e-03	7336.725404	5478.776527	5479.291756	Line:4|Circle:1|BSpline:20	False	False	291.6718838
ho606	AGREE	OK	OK	4	4	4	1.004859e-14	1.004859e-14	13053.6	11127.56722	11127.56722	Line:4	True	True	177.7450984
ho607	TESSELLATION	OK	OK	100	260	8	6.045415e-03	2.152575e-03	20720.98793	16208.05828	16207.71966	Line:4|Circle:4	False	False	278.9996184
ho61	AGREE	OK	OK	4	4	4	1.588822e-14	1.588822e-14	19400.5	16357.79833	16357.79833	Line:4	True	True	213.0861094
ho611	AGREE	OK	OK	4	4	4	1.588822e-14	1.588822e-14	17828.44	15336.0758	15336.0758	Line:4	True	True	206.319873
ho612	AGREE	OK	OK	4	4	4	4.263256e-14	4.263256e-14	14506.74	11841.70228	11841.70228	Line:4	True	True	222.6350601
ho613	TESSELLATION	OK	OK	100	132	8	4.674149e-03	2.629312e-03	10180.18337	8074.573492	8074.555984	Line:4|Circle:4	False	False	187.3908625
ho614	OPPOSITE_DIRECTION	OK	OK	24	256	1	3.708645e+00	3.535670e+00	1307.405167	1090.592528	1543.712156	Circle:1	False	False	194.3719911
ho616	TESSELLATION	OK	OK	548	531	26	9.916127e-02	5.570613e-03	13933.32498	10276.49047	10278.07462	Line:4|Circle:1|BSpline:21	False	False	398.7820543
ho617	OPPOSITE_DIRECTION	OK	OK	24	512	1	9.313386e+00	8.772359e+00	12619.85403	10933.50952	14426.74039	Circle:1	False	False	228.1280772
ho619	AGREE	OK	OK	4	4	4	1.421085e-14	1.421085e-14	26902.32	22073.26417	22073.26417	Line:4	True	True	266.6769769
ho62	TESSELLATION	OK	OK	100	132	8	5.224890e-03	2.957688e-03	16919.03958	13140.99227	13140.81602	Line:4|Circle:4	False	False	261.1833073
ho621	AGREE	OK	OK	4	4	4	1.421085e-14	1.421085e-14	22810.26	19516.56677	19516.56677	Line:4	True	True	229.0963334
ho624	TESSELLATION	OK	OK	989	81	47	6.330686e-03	6.330686e-03	25808.00678	21466.35201	21466.38164	Line:3|BSpline:44	False	False	317.2575905
ho625	OPPOSITE_DIRECTION	OK	OK	24	512	1	1.139528e+01	1.074745e+01	18094.5414	15622.69731	20747.33987	Circle:1	False	False	270.1252101
ho627	TESSELLATION	OK	OK	283	758	20	8.543347e-02	3.766772e-03	13647.3525	8530.133673	8531.504999	Line:5|Circle:11	False	False	222.4339453
ho628	AGREE	OK	OK	4	4	4	2.131628e-14	2.131628e-14	11284.49	9546.553278	9546.553278	Line:4	True	True	166.1400313
ho629	TESSELLATION	OK	OK	100	260	8	5.559800e-03	2.015490e-03	19148.28451	14873.15012	14872.90221	Line:4|Circle:4	False	False	275.6844437
ho633	AGREE	OK	OK	1124	48	48	1.103059e-13	1.734656e-13	17986.67636	15283.11194	15283.11194	BSpline:48	False	True	252.8625322
ho636	TESSELLATION	OK	OK	329	890	16	6.368586e-02	2.986219e-03	16840.16206	10593.92409	10595.57145	Line:5|Circle:9	False	False	264.4180591
ho637	AGREE	OK	OK	4	4	4	2.561898e-14	2.561898e-14	20126.08	16731.90865	16731.90865	Line:4	True	True	231.8037963
ho638	TESSELLATION	OK	OK	100	132	8	4.819969e-03	2.711339e-03	13119.84339	10251.71434	10251.53938	Line:4|Circle:4	False	False	221.3654008
ho642	TESSELLATION	OK	OK	1071	83	49	4.683632e-03	4.683632e-03	16933.01046	14258.29005	14258.30626	Line:3|BSpline:46	False	False	249.5688359
ho645	AGREE	OK	OK	4	4	4	2.929643e-14	2.929643e-14	21750.08	18187.58201	18187.58201	Line:4	True	True	232.2884844
ho646	TESSELLATION	OK	OK	100	260	8	6.941088e-03	1.596628e-03	15569.10377	12608.56426	12608.3633	Line:4|Circle:4	False	False	208.0303365
ho650	TESSELLATION	OK	OK	1095	85	51	7.499286e-03	7.499286e-03	31068.82945	25928.38703	25928.41988	Line:3|BSpline:48	False	False	330.8567017
ho653	TESSELLATION	OK	OK	244	1018	15	1.330667e-01	2.975098e-03	26666.43331	17170.95411	17173.28015	Line:5|Circle:11	False	False	311.5889761
ho654	AGREE	OK	OK	4	4	4	2.842171e-14	2.842171e-14	9705.84	8331.522423	8331.522423	Line:4	True	True	147.6293331
ho655	TESSELLATION	OK	OK	253	255	76	6.215780e-03	3.092847e-03	16382.23164	13092.03115	13092.36495	BSpline:8	False	False	238.5348888
ho66	AGREE	OK	OK	4	4	4	0.000000e+00	0.000000e+00	29360.32	25952.24866	25952.24866	Line:4	True	True	259.9440132
ho660	AGREE	OK	OK	4	4	4	1.421085e-14	1.421085e-14	23856.36	20732.22353	20732.22353	Line:4	True	True	239.2805257
ho661	AGREE	OK	OK	4	4	4	1.421085e-14	1.421085e-14	19264.2	16329.02954	16329.02954	Line:4	True	True	211.329624
ho662	TESSELLATION	OK	OK	100	132	8	4.080193e-03	2.295199e-03	9477.247893	7405.517263	7405.392668	Line:4|Circle:4	False	False	190.1084675
ho665	TESSELLATION	OK	OK	532	288	25	8.649025e-02	4.695687e-03	10147.35754	7463.546711	7464.526103	Line:4|Circle:1|BSpline:20	False	False	352.5463286
ho668	TESSELLATION	OK	OK	318	875	18	2.222010e-01	9.720384e-03	22819.02797	14385.97594	14390.77687	Line:5|Circle:9	False	False	305.6171952
ho669	AGREE	OK	OK	4	4	4	2.009718e-14	2.009718e-14	12561.64	10466.7716	10466.7716	Line:4	True	True	183.2301558
ho670	TESSELLATION	OK	OK	253	303	37	7.411420e-03	1.065254e-03	15394.28568	12560.16123	12560.68165	BSpline:8	False	False	222.4384423
ho676	AGREE	OK	OK	4	4	4	2.842171e-14	2.842171e-14	35626.47	30113.37967	30113.37967	Line:4	True	True	289.8140611
ho677	AGREE	OK	OK	4	4	4	2.561898e-14	2.561898e-14	14868	12811.84409	12811.84409	Line:4	True	True	183.4285965
ho678	OPPOSITE_DIRECTION	OK	OK	24	256	1	6.972286e+00	6.648959e+00	4568.989288	3806.990866	5399.933648	Circle:1	False	False	216.1352826
ho68	AGREE	OK	OK	4	4	4	7.105427e-15	7.105427e-15	10661.31	9019.502622	9019.502622	Line:4	True	True	152.9039568
ho680	TESSELLATION	OK	OK	1007	81	47	6.683622e-03	6.683622e-03	28715.87188	24320.49872	24320.52512	Line:3|BSpline:44	False	False	322.311456
ho682	TESSELLATION	OK	OK	321	894	16	8.144271e-02	2.868102e-03	16130.10684	10165.0235	10166.79619	Line:5|Circle:9	False	False	248.7513819
ho683	AGREE	OK	OK	4	4	4	0.000000e+00	0.000000e+00	15122.29	13032.72456	13032.72456	Line:4	True	True	189.5248269
ho684	TESSELLATION	OK	OK	252	262	65	6.214446e-03	2.788718e-03	18322.24509	14484.58974	14483.6487	BSpline:8	False	False	254.2981331
ho687	TESSELLATION	OK	OK	1021	81	47	5.836409e-03	5.836409e-03	27231.8725	23034.95038	23034.97556	Line:3|BSpline:44	False	False	308.4722035
ho69	TESSELLATION	OK	OK	253	167	68	5.491829e-03	3.069157e-03	16450.34049	12905.11589	12905.64623	BSpline:8	False	False	249.0953497
ho690	AGREE	OK	OK	4	4	4	7.105427e-15	7.105427e-15	18575.75	16038.3523	16038.3523	Line:4	True	True	205.0871766
ho694	TESSELLATION	OK	OK	565	525	26	8.973373e-02	5.248350e-03	12210.17829	9119.705437	9120.909102	Line:4|Circle:1|BSpline:22	False	False	345.8783945
ho696	AGREE	OK	OK	4	4	4	2.009718e-14	2.009718e-14	24118.02	20638.63809	20638.63809	Line:4	True	True	229.4368323
ho697	AGREE	OK	OK	4	4	4	7.105427e-15	7.105427e-15	12926.5	11366.52264	11366.52264	Line:4	True	True	183.2600611
ho7	TESSELLATION	OK	OK	100	132	8	5.360471e-03	3.015383e-03	13034.09738	10368.07913	10368.05272	Line:4|Circle:4	False	False	203.4134031
ho701	TESSELLATION	OK	OK	548	285	26	7.427240e-02	4.645663e-03	9690.204971	7264.974968	7265.669414	Line:4|Circle:1|BSpline:22	False	False	316.0703626
ho704	TESSELLATION	OK	OK	298	1041	19	1.709069e-01	2.197698e-03	11623.23601	7263.645576	7265.05442	Line:5|Circle:11	False	False	212.0294791
ho706	AGREE	OK	OK	4	4	4	1.588822e-14	1.588822e-14	17475.08	14533.47928	14533.47928	Line:4	True	True	213.349502
ho707	NOT_BOTH_OK	OK	TIMEOUT	253	191	0			16755.02305	13156.63575	0	-	False	False	250.7563497
ho708	OPPOSITE_DIRECTION	OK	OK	24	256	1	4.296247e+00	4.095278e+00	1764.601134	1472.808875	2082.54593	Circle:1	False	False	213.1388494
ho710	TESSELLATION	OK	OK	1083	85	51	8.737413e-03	8.737413e-03	41454.08519	34535.39773	34535.44232	Line:3|BSpline:48	False	False	375.6984148
ho713	TESSELLATION	OK	OK	24	512	1	5.383605e-01	1.989601e-03	12441.28748	10813.18358	10813.4843	Circle:1	False	False	207.224902
ho714	TESSELLATION	OK	OK	100	132	8	5.485519e-03	3.085726e-03	12167.5864	9758.293015	9758.252076	Line:4|Circle:4	False	False	198.9269704
ho716	TESSELLATION	OK	OK	1029	81	47	6.025785e-03	6.025785e-03	29254.89373	24753.89738	24753.92422	Line:3|BSpline:44	False	False	320.080026
ho719	AGREE	OK	OK	4	4	4	1.421085e-14	1.421085e-14	28795.62	24825.18709	24825.18709	Line:4	True	True	253.4082477
ho72	TESSELLATION	OK	OK	90	438	6	2.122521e-01	2.104752e-03	19670.98666	15405.50687	15406.04674	Line:5|Circle:1	False	False	238.4034345
ho721	AGREE	OK	OK	4	4	4	1.588822e-14	1.588822e-14	16121.7	13303.96244	13303.96244	Line:4	True	True	217.4866663
ho722	TESSELLATION	OK	OK	253	266	52	7.655505e-03	3.969965e-03	17518.06635	14195.7434	14194.79814	BSpline:8	False	False	225.2526961
ho725	AGREE	OK	OK	1124	48	48	1.065814e-13	9.871175e-14	14816.13918	12603.74411	12603.74411	BSpline:48	False	True	235.589671
ho728	AGREE	OK	OK	4	4	4	1.421085e-14	1.421085e-14	27708.48	22812.02076	22812.02076	Line:4	True	True	262.8688646
ho73	AGREE	OK	OK	4	4	4	1.421085e-14	1.421085e-14	10710.87	9128.821727	9128.821727	Line:4	True	True	168.4575317
ho730	AGREE	OK	OK	4	4	4	3.177644e-14	3.177644e-14	19266.1	16493.35295	16493.35295	Line:4	True	True	210.6644251
ho731	TESSELLATION	OK	OK	100	132	8	5.127110e-03	1.360045e-03	8518.70169	6904.86123	6904.807849	Line:4|Circle:4	False	False	154.7149805
ho732	OPPOSITE_DIRECTION	OK	OK	24	256	1	5.120819e+00	4.882593e+00	2480.632914	2068.260614	2930.182874	Circle:1	False	False	210.4152814
ho734	AGREE	OK	OK	1116	48	48	1.145716e-13	1.084596e-13	17399.58041	14732.80184	14732.80184	BSpline:48	False	True	249.8568271
ho737	AGREE	OK	OK	4	4	4	1.421085e-14	1.421085e-14	25086.12	20616.55436	20616.55436	Line:4	True	True	273.3247336
ho738	AGREE	OK	OK	4	4	4	1.464821e-14	1.464821e-14	10111.5	8423.371638	8423.371638	Line:4	True	True	179.8736501
ho739	TESSELLATION	OK	OK	250	134	60	4.041728e-03	3.345972e-03	13656.9526	10220.25542	10219.25465	BSpline:8	False	False	269.2047677
ho741	AGREE	OK	OK	1116	48	48	1.171857e-13	1.163751e-13	19950.02252	16890.60421	16890.60421	BSpline:48	False	True	269.0683056
ho744	AGREE	OK	OK	4	4	4	1.588822e-14	1.588822e-14	19248.58	16474.28004	16474.28004	Line:4	True	True	205.9508194
ho745	AGREE	OK	OK	4	4	4	1.421085e-14	1.421085e-14	20028.5	16503.53886	16503.53886	Line:4	True	True	228.7961101
ho749	AGREE	OK	OK	1116	48	48	1.034566e-13	1.004859e-13	16428.22495	13915.41139	13915.41139	BSpline:48	False	True	242.408826
ho752	AGREE	OK	OK	4	4	4	1.588822e-14	1.588822e-14	27074.87	22332.97805	22332.97805	Line:4	True	True	267.5689444
ho753	AGREE	OK	OK	4	4	4	7.105427e-15	7.105427e-15	11762.64	9868.804389	9868.804389	Line:4	True	True	165.5914551
ho757	TESSELLATION	OK	OK	1065	83	49	4.328596e-03	4.328596e-03	14520.2548	12231.60302	12231.61687	Line:3|BSpline:46	False	False	229.6443506
ho760	TESSELLATION	OK	OK	254	710	20	7.436674e-02	3.102020e-03	12304.13315	7837.527162	7838.550803	Line:5|Circle:11	False	False	219.1193739
ho761	AGREE	OK	OK	4	4	4	1.421085e-14	1.421085e-14	19083.6	16239.74356	16239.74356	Line:4	True	True	215.459625
ho762	TESSELLATION	OK	OK	100	260	8	7.589852e-03	1.520480e-03	13218.95556	10850.75666	10850.42875	Line:4|Circle:4	False	False	196.4357461
ho765	AGREE	OK	OK	1124	48	48	1.109903e-13	1.009871e-13	17534.19948	14927.25366	14927.25366	BSpline:48	False	True	255.1180093
ho768	TESSELLATION	OK	OK	222	667	15	8.107601e-02	2.652078e-03	20944.68469	14317.88509	14319.35566	Line:5|Circle:8	False	False	287.0239885
ho769	AGREE	OK	OK	4	4	4	1.588822e-14	1.588822e-14	17945.64	15021.4596	15021.4596	Line:4	True	True	223.715936
ho77	AGREE	OK	OK	4	4	4	1.588822e-14	1.588822e-14	16900.96	14167.93711	14167.93711	Line:4	True	True	198.8378485
ho770	TESSELLATION	OK	OK	100	260	8	6.614901e-03	1.755139e-03	16168.22817	12995.99611	12995.83963	Line:4|Circle:4	False	False	224.168704
ho772	OPPOSITE_DIRECTION	OK	OK	24	256	1	3.672531e+00	3.501241e+00	1281.895435	1069.299566	1513.60787	Circle:1	False	False	181.1447592
ho777	TESSELLATION	OK	OK	24	512	1	4.122970e-01	1.594123e-03	7300.187864	6344.863557	6345.040009	Circle:1	False	False	166.3923977
ho78	AGREE	OK	OK	4	4	4	2.131628e-14	2.131628e-14	19088.16	16233.20421	16233.20421	Line:4	True	True	216.9491415
ho781	TESSELLATION	OK	OK	1045	83	49	6.630899e-03	6.630899e-03	24284.66858	20266.99474	20267.02042	Line:3|BSpline:46	False	False	292.6367065
ho783	TESSELLATION	OK	OK	287	788	17	1.974804e-01	6.821162e-03	11536.46304	7278.81978	7280.35652	Line:5|Circle:9	False	False	223.337995
ho784	AGREE	OK	OK	4	4	4	7.105427e-15	7.105427e-15	17830.56	14766.89233	14766.89233	Line:4	True	True	217.617945
ho789	TESSELLATION	OK	OK	553	529	26	8.910422e-02	4.395318e-03	8674.419716	6347.599789	6348.792734	Line:4|Circle:1|BSpline:22	False	False	312.4639366
ho792	AGREE	OK	OK	4	4	4	4.263256e-14	4.263256e-14	38916.28	33543.28353	33543.28353	Line:4	True	True	296.6729007
ho793	AGREE	OK	OK	4	4	4	1.421085e-14	1.421085e-14	15248.1	12714.07002	12714.07002	Line:4	True	True	198.1576393
ho795	OPPOSITE_DIRECTION	OK	OK	24	256	1	7.244063e+00	6.906569e+00	4976.408305	4150.173077	5877.030633	Circle:1	False	False	238.7584127
ho797	TESSELLATION	OK	OK	1009	81	47	6.877305e-03	6.877305e-03	32705.59573	27870.60904	27870.637	Line:3|BSpline:44	False	False	346.2637469
ho799	AGREE	OK	OK	4	4	4	1.588822e-14	1.588822e-14	19715.86	16172.97283	16172.97283	Line:4	True	True	238.6530117
ho800	AGREE	OK	OK	4	4	4	1.421085e-14	1.421085e-14	16074.24	13860.10212	13860.10212	Line:4	True	True	192.446564
ho801	TESSELLATION	OK	OK	253	213	72	5.745604e-03	2.970453e-03	19205.88858	14973.1703	14973.90831	BSpline:8	False	False	280.8944479
ho805	AGREE	OK	OK	1104	48	48	8.038873e-14	9.664426e-14	20578.21606	17282.51965	17282.51965	BSpline:48	False	True	285.966332
ho807	AGREE	OK	OK	4	4	4	1.588822e-14	1.588822e-14	32463.36884	26796.53532	26796.53532	Line:4	True	True	291.4243298
ho809	AGREE	OK	OK	4	4	4	3.552714e-15	3.552714e-15	10582.48	8848.845951	8848.845951	Line:4	True	True	171.1286358
ho810	TESSELLATION	OK	OK	100	132	8	5.174965e-03	2.911032e-03	17525.87279	13519.42164	13519.27805	Line:4|Circle:4	False	False	273.6841969
ho815	TESSELLATION	OK	OK	129	387	6	8.859691e-02	3.927609e-03	8851.398985	6492.573862	6493.252947	Line:3|Circle:3	False	False	269.0738802
ho816	AGREE	OK	OK	4	4	4	2.842171e-14	2.842171e-14	16682.97	13555.35842	13555.35842	Line:4	True	True	226.3028723
ho817	TESSELLATION	OK	OK	100	132	8	4.808052e-03	2.704635e-03	15299.72681	11789.42249	11789.30213	Line:4|Circle:4	False	False	255.5629565
ho82	AGREE	OK	OK	4	4	4	2.009718e-14	2.009718e-14	34451.2	29222.52891	29222.52891	Line:4	True	True	288.3112901
ho823	AGREE	OK	OK	4	4	4	2.842171e-14	2.842171e-14	36223.7925	29836.66134	29836.66134	Line:4	True	True	299.3696043
ho824	AGREE	OK	OK	4	4	4	2.131628e-14	2.131628e-14	12993.48	11175.90243	11175.90243	Line:4	True	True	174.9909998
ho825	TESSELLATION	OK	OK	100	132	8	2.335248e-03	2.117342e-03	7774.796323	6134.811075	6134.665623	Line:4|Circle:4	False	False	166.2633336
ho826	OPPOSITE_DIRECTION	OK	OK	24	256	1	4.648355e+00	4.431302e+00	2058.874111	1717.854729	2430.514567	Circle:1	False	False	202.2877518
ho827	TESSELLATION	OK	OK	1061	83	49	6.043979e-03	6.043979e-03	26245.39962	21954.6426	21954.6696	Line:3|BSpline:46	False	False	303.5911735
ho83	AGREE	OK	OK	4	4	4	1.421085e-14	1.421085e-14	7455.84	6256.416171	6256.416171	Line:4	True	True	144.0269419
ho830	AGREE	OK	OK	4	4	4	2.009718e-14	2.009718e-14	22479.1	18982.1039	18982.1039	Line:4	True	True	239.3572644
ho831	AGREE	OK	OK	4	4	4	7.105427e-15	7.105427e-15	6900.6	5741.992498	5741.992498	Line:4	True	True	134.0543919
ho836	TESSELLATION	OK	OK	1025	81	47	4.556900e-03	4.556900e-03	13749.90352	11664.02259	11664.03486	Line:3|BSpline:44	False	False	227.2428912
ho839	TESSELLATION	OK	OK	325	956	15	7.316539e-02	2.580520e-03	10459.66714	5989.314417	5990.795194	Line:5|Circle:9	False	False	225.6740783
ho84	TESSELLATION	OK	OK	253	295	36	8.077251e-03	1.716893e-03	17470.48629	14271.82881	14271.94492	BSpline:8	False	False	224.9503095
ho841	AGREE	OK	OK	4	4	4	1.588822e-14	1.588822e-14	11159.86	9273.902785	9273.902785	Line:4	True	True	172.7367072
ho842	TESSELLATION	OK	OK	100	260	8	7.758779e-03	2.243873e-03	25279.46162	20183.93521	20183.74771	Line:4|Circle:4	False	False	288.4994482
ho846	TESSELLATION	OK	OK	1101	85	51	5.327337e-03	5.327337e-03	20975.02005	17594.44367	17594.46465	Line:3|BSpline:48	False	False	272.8913012
ho849	AGREE	OK	OK	4	4	4	1.421085e-14	1.421085e-14	23106.88	19568.56441	19568.56441	Line:4	True	True	229.0730015
ho851	AGREE	OK	OK	4	4	4	2.131628e-14	2.131628e-14	11186.04	9651.613361	9651.613361	Line:4	True	True	162.6546341
ho854	AGREE	OK	OK	1124	48	48	1.310176e-13	1.340649e-13	25303.22746	21510.41548	21510.41548	BSpline:48	False	True	301.2957801
ho857	TESSELLATION	OK	OK	148	567	11	1.436139e-01	3.386307e-03	12533.41568	9319.826039	9321.03534	Line:3|Circle:6	False	False	300.3178204
ho859	AGREE	OK	OK	4	4	4	1.588822e-14	1.588822e-14	14784.83	12617.82103	12617.82103	Line:4	True	True	186.7713843
ho860	TESSELLATION	OK	OK	100	260	8	6.747808e-03	1.865969e-03	18603.7431	14910.83782	14910.68529	Line:4|Circle:4	False	False	244.269354
ho863	TESSELLATION	OK	OK	559	285	26	8.191355e-02	5.165765e-03	11828.78321	8888.579341	8889.402839	Line:4|Circle:1|BSpline:22	False	False	339.7732278
ho866	AGREE	OK	OK	4	4	4	2.842171e-14	2.842171e-14	25917.86	20943.69618	20943.69618	Line:4	True	True	278.3418941
ho867	AGREE	OK	OK	4	4	4	1.588822e-14	1.588822e-14	14859.6	12842.70656	12842.70656	Line:4	True	True	188.3306135
ho868	TESSELLATION	OK	OK	100	260	8	7.203440e-03	1.653592e-03	16959.11654	13740.91988	13740.70405	Line:4|Circle:4	False	False	215.500107
ho871	TESSELLATION	OK	OK	1051	83	49	8.157546e-03	8.157546e-03	37201.48225	31078.89685	31078.93572	Line:3|BSpline:46	False	False	361.2842159
ho874	AGREE	OK	OK	4	4	4	2.842171e-14	2.842171e-14	32266.56	26737.43035	26737.43035	Line:4	True	True	281.6062499
ho875	AGREE	OK	OK	4	4	4	1.421085e-14	1.421085e-14	23976.81	20375.10781	20375.10781	Line:4	True	True	237.2425341
ho876	TESSELLATION	OK	OK	253	303	37	7.310408e-03	2.252314e-03	24331.33312	19333.89402	19334.98845	BSpline:8	False	False	289.8047168
ho880	AGREE	OK	OK	4	4	4	4.263256e-14	4.263256e-14	27314.11738	22855.08739	22855.08739	Line:4	True	True	255.545945
ho881	AGREE	OK	OK	4	4	4	7.105427e-15	7.105427e-15	9592.57	7969.52858	7969.52858	Line:4	True	True	171.0387675
ho884	TESSELLATION	OK	OK	1043	83	49	7.677770e-03	7.677770e-03	32276.85856	26915.08746	26915.1219	Line:3|BSpline:46	False	False	329.3206056
ho886	AGREE	OK	OK	4	4	4	2.842171e-14	2.842171e-14	23933.70342	19826.0995	19826.0995	Line:4	True	True	246.4053165
ho888	AGREE	OK	OK	4	4	4	1.421085e-14	1.421085e-14	17508.6	15209.24238	15209.24238	Line:4	True	True	201.3725155
ho89	AGREE	OK	OK	4	4	4	2.842171e-14	2.842171e-14	29264.76	24759.5353	24759.5353	Line:4	True	True	263.2585991
ho893	AGREE	OK	OK	4	4	4	1.421085e-14	1.421085e-14	30033.36	25518.66836	25518.66836	Line:4	True	True	270.0085369
ho894	AGREE	OK	OK	4	4	4	5.684342e-14	5.684342e-14	10752.04	8838.859269	8838.859269	Line:4	True	True	179.4376772
ho898	TESSELLATION	OK	OK	1055	83	49	7.890136e-03	7.890136e-03	34181.90151	28504.52346	28504.55982	Line:3|BSpline:46	False	False	340.4190747
ho90	AGREE	OK	OK	4	4	4	1.004859e-14	1.004859e-14	10070.64	8557.017838	8557.017838	Line:4	True	True	158.2704015
ho901	AGREE	OK	OK	4	4	4	4.263256e-14	4.263256e-14	35123.76	29804.21416	29804.21416	Line:4	True	True	286.3214452
ho902	AGREE	OK	OK	4	4	4	1.004859e-14	1.004859e-14	17842.52	15210.89644	15210.89644	Line:4	True	True	204.1892505
ho903	TESSELLATION	OK	OK	100	132	8	4.122676e-03	1.712126e-03	13060.80596	9902.886789	9902.832113	Line:4|Circle:4	False	False	250.2579786
ho908	AGREE	OK	OK	4	4	4	3.177644e-14	3.177644e-14	41670.23	35338.09174	35338.09174	Line:4	True	True	314.2301545
ho91	TESSELLATION	OK	OK	100	260	8	7.939791e-03	1.457469e-03	14982.62154	12287.21298	12286.86208	Line:4|Circle:4	False	False	198.8054301
ho910	AGREE	OK	OK	4	4	4	7.105427e-15	7.105427e-15	6657.58	5768.644455	5768.644455	Line:4	True	True	130.909358
ho911	TESSELLATION	OK	OK	252	277	29	7.958334e-03	3.527418e-03	24453.50243	19577.54385	19577.04826	BSpline:8	False	False	281.8355712
ho914	TESSELLATION	OK	OK	1093	85	51	4.819636e-03	4.819636e-03	17962.80736	15127.39395	15127.41113	Line:3|BSpline:46	False	False	256.4330997
ho917	AGREE	OK	OK	4	4	4	4.263256e-14	4.263256e-14	36484.72	30951.5093	30951.5093	Line:4	True	True	297.5746797
ho918	AGREE	OK	OK	4	4	4	1.421085e-14	1.421085e-14	10555.2	8652.483107	8652.483107	Line:4	True	True	172.3278851
ho921	TESSELLATION	OK	OK	1065	83	49	6.018530e-03	6.018530e-03	19703.94851	16416.00323	16416.02439	Line:3|BSpline:46	False	False	260.1407542
ho924	AGREE	OK	OK	4	4	4	1.421085e-14	1.421085e-14	31864.8	26179.28962	26179.28962	Line:4	True	True	286.6127352
ho925	AGREE	OK	OK	4	4	4	1.421085e-14	1.421085e-14	14449.68	11919.27682	11919.27682	Line:4	True	True	205.3358225
ho926	TESSELLATION	OK	OK	100	132	8	3.775338e-03	2.123711e-03	6922.291222	5478.564547	5478.554665	Line:4|Circle:4	False	False	153.9404282
ho928	TESSELLATION	OK	OK	971	75	43	5.978859e-03	5.978859e-03	18319.29463	15307.14828	15307.15413	Line:3|BSpline:42	False	False	276.386917
ho930	AGREE	OK	OK	4	4	4	1.588822e-14	1.588822e-14	23634.22618	19190.69358	19190.69358	Line:4	True	True	270.2782825
ho932	AGREE	OK	OK	4	4	4	2.131628e-14	2.131628e-14	14070.18	11651.81604	11651.81604	Line:4	True	True	188.8272756
ho933	TESSELLATION	OK	OK	100	260	8	5.674302e-03	1.310345e-03	10440.4592	8462.376389	8462.241369	Line:4|Circle:4	False	False	171.7742732
ho936	TESSELLATION	OK	OK	981	79	45	6.454163e-03	6.454163e-03	21925.15266	18345.83303	18345.85495	Line:3|BSpline:44	False	False	307.4334098
ho939	AGREE	OK	OK	4	4	4	1.421085e-14	1.421085e-14	24230.5	21173.68009	21173.68009	Line:4	True	True	232.4488331
ho940	AGREE	OK	OK	4	4	4	1.421085e-14	1.421085e-14	9430.6	7837.47416	7837.47416	Line:4	True	True	167.9908628
ho941	TESSELLATION	OK	OK	252	261	125	6.352626e-03	3.183429e-03	14123.91649	11392.77212	11392.94642	BSpline:8	False	False	208.4732648
ho945	AGREE	OK	OK	4	4	4	1.421085e-14	1.421085e-14	24026.2	20259.84438	20259.84438	Line:4	True	True	240.7005193
ho946	AGREE	OK	OK	4	4	4	1.588822e-14	1.588822e-14	9043.32	7465.528084	7465.528084	Line:4	True	True	170.72554
ho951	TESSELLATION	OK	OK	546	285	26	8.774457e-02	5.168885e-03	11996.00492	8932.61566	8933.588624	Line:4|Circle:1|BSpline:21	False	False	360.2061371
ho954	AGREE	OK	OK	4	4	4	2.009718e-14	2.009718e-14	20778.43	17717.3665	17717.3665	Line:4	True	True	215.3892059
ho955	AGREE	OK	OK	4	4	4	1.004859e-14	1.004859e-14	8780.8	7596.879555	7596.879555	Line:4	True	True	161.2476666
ho956	TESSELLATION	OK	OK	100	260	8	7.278398e-03	1.646802e-03	17347.56689	14026.29719	14026.08117	Line:4|Circle:4	False	False	218.7618003
ho958	TESSELLATION	OK	OK	1033	83	49	5.864332e-03	5.864332e-03	17402.22094	14444.9352	14444.95528	Line:3|BSpline:46	False	False	260.6158807
ho961	AGREE	OK	OK	4	4	4	1.588822e-14	1.588822e-14	18148.37466	15071.9967	15071.9967	Line:4	True	True	213.3259712
ho962	AGREE	OK	OK	4	4	4	1.421085e-14	1.421085e-14	22144.05	18905.01134	18905.01134	Line:4	True	True	224.3297127
ho963	TESSELLATION	OK	OK	100	260	8	6.873626e-03	1.593300e-03	14979.02089	12128.67364	12128.47448	Line:4|Circle:4	False	False	213.8582449
ho966	TESSELLATION	OK	OK	1021	83	49	7.880684e-03	7.880684e-03	31270.08906	25951.23397	25951.27025	Line:3|BSpline:46	False	False	350.1556122
ho969	AGREE	OK	OK	4	4	4	2.842171e-14	2.842171e-14	26548.7	23131.21262	23131.21262	Line:4	True	True	243.5410027
ho97	AGREE	OK	OK	4	4	4	2.246933e-14	2.246933e-14	12816.9	10928.44499	10928.44499	Line:4	True	True	178.1055024
ho970	AGREE	OK	OK	4	4	4	2.009718e-14	2.009718e-14	23421.3	19839.95012	19839.95012	Line:4	True	True	246.8349651
ho974	TESSELLATION	OK	OK	496	279	24	4.419198e-02	5.652489e-03	14566.77541	11290.89722	11291.22307	Line:4|Circle:1|BSpline:20	False	False	399.5398985
ho977	AGREE	OK	OK	4	4	4	1.421085e-14	1.421085e-14	20821.49	18143.62158	18143.62158	Line:4	True	True	224.7679248
ho978	AGREE	OK	OK	4	4	4	1.004859e-14	1.004859e-14	8843.17	7375.201246	7375.201246	Line:4	True	True	155.0585051
ho980	OPPOSITE_DIRECTION	OK	OK	24	256	1	5.367205e+00	5.114510e+00	2789.859872	2331.511917	3288.994008	Circle:1	False	False	203.268159
ho982	AGREE	OK	OK	1116	48	48	1.176158e-13	1.068180e-13	17489.26882	14807.25942	14807.25942	BSpline:48	False	True	251.0663542
ho985	AGREE	OK	OK	4	4	4	3.552714e-14	3.552714e-14	35851.17898	29510.41918	29510.41918	Line:4	True	True	301.7489354
ho986	AGREE	OK	OK	4	4	4	1.588822e-14	1.588822e-14	19555.2	16460.49074	16460.49074	Line:4	True	True	212.2808753
ho987	TESSELLATION	OK	OK	253	181	35	5.506156e-03	3.089200e-03	14271.9207	11318.24656	11319.0137	BSpline:8	False	False	225.7928919
ho990	AGREE	OK	OK	1120	48	48	1.505613e-13	1.449229e-13	21265.86563	18039.50993	18039.50993	BSpline:48	False	True	282.398882
ho993	AGREE	OK	OK	4	4	4	1.421085e-14	1.421085e-14	36234.6	30832.79572	30832.79572	Line:4	True	True	291.8674014
ho994	AGREE	OK	OK	4	4	4	2.929643e-14	2.929643e-14	19138.9	16381.54212	16381.54212	Line:4	True	True	205.4066698
ho995	NOT_BOTH_OK	OK	TIMEOUT	253	295	0			17908.5785	14626.21578	0	-	False	False	232.6907347
ho998	TESSELLATION	OK	OK	1015	81	47	6.941641e-03	6.941641e-03	35474.86445	29782.02549	29782.06111	Line:3|BSpline:44	False	False	351.2838925
