part	defer_reason	n_ring1	n_ring2	badQuads_raw_index	badQuads_best_correspondence	normal_angle_deg	face_adjacency	engine_before_canonicalRing	engine_after_canonicalRing
ho0	F_lateral_quad_non_planar	4	4	2	0	180.00	disjoint	NULL	SHAPE
ho1	F_lateral_quad_non_planar	4	4	4	0	180.00	disjoint	NULL	SHAPE
ho10	B_section_has_non_line_edge	0	0	-1	-1	180.00	disjoint	NULL	NULL
ho1001	F_lateral_quad_non_planar	4	4	4	0	180.00	disjoint	NULL	SHAPE
ho1002	F_lateral_quad_non_planar	4	4	4	0	180.00	disjoint	NULL	SHAPE
ho1005	B_section_has_non_line_edge	2	0	-1	-1	180.00	disjoint	NULL	NULL
ho1008	B_section_has_non_line_edge	3	0	-1	-1	180.00	disjoint	NULL	NULL
ho1010	F_lateral_quad_non_planar	4	4	4	0	180.00	disjoint	NULL	SHAPE
ho1011	B_section_has_non_line_edge	0	1	-1	-1	180.00	disjoint	NULL	NULL
ho1014	B_section_has_non_line_edge	0	0	-1	-1	180.00	disjoint	NULL	NULL
ho1017	F_lateral_quad_non_planar	4	4	4	0	180.00	disjoint	NULL	SHAPE
ho1019	F_lateral_quad_non_planar	4	4	4	0	180.00	disjoint	NULL	SHAPE
ho102	F_lateral_quad_non_planar	4	4	4	0	180.00	disjoint	NULL	SHAPE
ho1020	B_section_has_non_line_edge	0	0	-1	-1	180.00	disjoint	NULL	NULL
ho1024	B_section_has_non_line_edge	0	0	-1	-1	180.00	disjoint	NULL	NULL
ho1025	F_lateral_quad_non_planar	4	4	4	0	180.00	disjoint	NULL	SHAPE
ho103	F_lateral_quad_non_planar	4	4	4	0	180.00	disjoint	NULL	SHAPE
ho1030	B_section_has_non_line_edge	0	4	-1	-1	90.00	ADJACENT	NULL	NULL
ho1031	F_lateral_quad_non_planar	4	4	4	0	180.00	disjoint	NULL	SHAPE
ho1032	B_section_has_non_line_edge	0	1	-1	-1	180.00	disjoint	NULL	NULL
ho1034	B_section_has_non_line_edge	2	2	-1	-1	180.00	disjoint	NULL	NULL
ho1037	F_lateral_quad_non_planar	4	4	2	0	180.00	disjoint	NULL	SHAPE
ho1039	F_lateral_quad_non_planar	4	4	4	0	180.00	disjoint	NULL	SHAPE
ho104	B_section_has_non_line_edge	0	1	-1	-1	180.00	disjoint	NULL	NULL
ho1040	B_section_has_non_line_edge	0	0	-1	-1	180.00	disjoint	NULL	NULL
ho1041	B_section_has_non_line_edge	0	0	-1	-1	180.00	disjoint	NULL	NULL
ho1043	B_section_has_non_line_edge	1	3	-1	-1	180.00	disjoint	NULL	NULL
ho1046	F_lateral_quad_non_planar	4	4	4	0	180.00	disjoint	NULL	SHAPE
ho1047	F_lateral_quad_non_planar	4	4	4	0	180.00	disjoint	NULL	SHAPE
ho1051	B_section_has_non_line_edge	3	1	-1	-1	180.00	disjoint	NULL	NULL
ho1054	F_lateral_quad_non_planar	4	4	4	0	180.00	disjoint	NULL	SHAPE
ho1055	B_section_has_non_line_edge	0	0	-1	-1	180.00	disjoint	NULL	NULL
ho1058	B_section_has_non_line_edge	1	2	-1	-1	180.00	disjoint	NULL	NULL
ho1060	F_lateral_quad_non_planar	4	4	4	0	180.00	disjoint	NULL	SHAPE
ho1066	F_lateral_quad_non_planar	4	4	4	0	180.00	disjoint	NULL	SHAPE
ho1067	F_lateral_quad_non_planar	4	4	4	0	180.00	disjoint	NULL	SHAPE
ho107	B_section_has_non_line_edge	5	2	-1	-1	180.00	disjoint	NULL	NULL
ho1076	F_lateral_quad_non_planar	4	4	4	0	180.00	disjoint	NULL	SHAPE
ho1077	B_section_has_non_line_edge	0	0	-1	-1	180.00	disjoint	NULL	NULL
ho108	F_lateral_quad_non_planar	4	4	4	0	180.00	disjoint	NULL	SHAPE
ho1080	B_section_has_non_line_edge	0	0	-1	-1	180.00	disjoint	NULL	NULL
ho1082	B_section_has_non_line_edge	5	2	-1	-1	180.00	disjoint	NULL	NULL
ho1083	F_lateral_quad_non_planar	4	4	4	0	180.00	disjoint	NULL	SHAPE
ho1084	B_section_has_non_line_edge	0	0	-1	-1	180.00	disjoint	NULL	NULL
ho1087	B_section_has_non_line_edge	2	0	-1	-1	180.00	disjoint	NULL	NULL
ho1089	F_lateral_quad_non_planar	4	4	4	0	180.00	disjoint	NULL	SHAPE
ho109	B_section_has_non_line_edge	0	0	-1	-1	180.00	disjoint	NULL	NULL
ho1091	F_lateral_quad_non_planar	4	4	4	0	180.00	disjoint	NULL	SHAPE
ho1092	B_section_has_non_line_edge	0	1	-1	-1	180.00	disjoint	NULL	NULL
ho1094	B_section_has_non_line_edge	0	2	-1	-1	180.00	disjoint	NULL	NULL
ho1097	F_lateral_quad_non_planar	4	4	4	0	180.00	disjoint	NULL	SHAPE
ho1098	F_lateral_quad_non_planar	4	4	4	0	180.00	disjoint	NULL	SHAPE
ho1099	B_section_has_non_line_edge	0	0	-1	-1	180.00	disjoint	NULL	NULL
ho1104	F_lateral_quad_non_planar	4	4	4	0	180.00	disjoint	NULL	SHAPE
ho1105	F_lateral_quad_non_planar	4	4	4	0	180.00	disjoint	NULL	SHAPE
ho111	B_section_has_non_line_edge	0	0	-1	-1	180.00	disjoint	NULL	NULL
ho1112	F_lateral_quad_non_planar	4	4	4	0	180.00	disjoint	NULL	SHAPE
ho1114	F_lateral_quad_non_planar	4	4	4	0	180.00	disjoint	NULL	SHAPE
ho1119	B_section_has_non_line_edge	2	0	-1	-1	180.00	disjoint	NULL	NULL
ho1122	B_section_has_non_line_edge	5	0	-1	-1	180.00	disjoint	NULL	NULL
ho1123	F_lateral_quad_non_planar	4	4	4	0	180.00	disjoint	NULL	SHAPE
ho1124	B_section_has_non_line_edge	0	0	-1	-1	180.00	disjoint	NULL	NULL
ho1129	F_lateral_quad_non_planar	4	4	4	0	180.00	disjoint	NULL	SHAPE
ho1130	F_lateral_quad_non_planar	4	4	4	0	180.00	disjoint	NULL	SHAPE
ho1131	B_section_has_non_line_edge	0	0	-1	-1	180.00	disjoint	NULL	NULL
ho1134	B_section_has_non_line_edge	0	0	-1	-1	180.00	disjoint	NULL	NULL
ho1137	F_lateral_quad_non_planar	4	4	4	0	180.00	disjoint	NULL	SHAPE
ho1138	F_lateral_quad_non_planar	4	4	4	0	180.00	disjoint	NULL	SHAPE
ho1139	B_section_has_non_line_edge	0	0	-1	-1	180.00	disjoint	NULL	NULL
ho114	F_lateral_quad_non_planar	4	4	2	0	180.00	disjoint	NULL	SHAPE
ho1144	F_lateral_quad_non_planar	4	4	2	0	180.00	disjoint	NULL	SHAPE
ho1145	F_lateral_quad_non_planar	4	4	4	0	180.00	disjoint	NULL	SHAPE
ho1149	B_section_has_non_line_edge	1	2	-1	-1	180.00	disjoint	NULL	NULL
ho115	F_lateral_quad_non_planar	4	4	4	0	180.00	disjoint	NULL	SHAPE
ho1152	F_lateral_quad_non_planar	4	4	4	0	180.00	disjoint	NULL	SHAPE
ho1153	F_lateral_quad_non_planar	4	4	4	0	180.00	disjoint	NULL	SHAPE
ho1154	B_section_has_non_line_edge	0	0	-1	-1	180.00	disjoint	NULL	NULL
ho1155	B_section_has_non_line_edge	0	0	-1	-1	180.00	disjoint	NULL	NULL
ho1157	B_section_has_non_line_edge	1	2	-1	-1	180.00	disjoint	NULL	NULL
ho116	B_section_has_non_line_edge	0	0	-1	-1	180.00	disjoint	NULL	NULL
ho1160	F_lateral_quad_non_planar	4	4	4	0	180.00	disjoint	NULL	SHAPE
ho1162	F_lateral_quad_non_planar	4	4	4	0	180.00	disjoint	NULL	SHAPE
ho1166	F_lateral_quad_non_planar	4	4	4	0	180.00	disjoint	NULL	SHAPE
ho1167	F_lateral_quad_non_planar	4	4	4	0	180.00	disjoint	NULL	SHAPE
ho1168	B_section_has_non_line_edge	0	0	-1	-1	180.00	disjoint	NULL	NULL
ho1171	B_section_has_non_line_edge	0	0	-1	-1	180.00	disjoint	NULL	NULL
ho1173	F_lateral_quad_non_planar	4	4	4	0	180.00	disjoint	NULL	SHAPE
ho1174	F_lateral_quad_non_planar	4	4	4	0	180.00	disjoint	NULL	SHAPE
ho1175	B_section_has_non_line_edge	0	0	-1	-1	180.00	disjoint	NULL	NULL
ho1178	B_section_has_non_line_edge	1	3	-1	-1	180.00	disjoint	NULL	NULL
ho1180	F_lateral_quad_non_planar	4	4	4	0	180.00	disjoint	NULL	SHAPE
ho1184	B_section_has_non_line_edge	3	1	-1	-1	180.00	disjoint	NULL	NULL
ho1187	B_section_has_non_line_edge	4	3	-1	-1	180.00	disjoint	NULL	NULL
ho1189	F_lateral_quad_non_planar	4	4	4	0	180.00	disjoint	NULL	SHAPE
ho119	F_lateral_quad_non_planar	4	4	4	0	180.00	disjoint	NULL	SHAPE
ho1190	B_section_has_non_line_edge	0	0	-1	-1	180.00	disjoint	NULL	NULL
ho1191	B_section_has_non_line_edge	0	0	-1	-1	180.00	disjoint	NULL	NULL
ho1195	F_lateral_quad_non_planar	4	4	2	0	180.00	disjoint	NULL	SHAPE
ho1196	F_lateral_quad_non_planar	4	4	4	0	180.00	disjoint	NULL	SHAPE
ho1197	B_section_has_non_line_edge	0	0	-1	-1	180.00	disjoint	NULL	NULL
ho12	F_lateral_quad_non_planar	4	4	4	0	180.00	disjoint	NULL	SHAPE
ho120	F_lateral_quad_non_planar	4	4	4	0	180.00	disjoint	NULL	SHAPE
ho1200	B_section_has_non_line_edge	2	0	-1	-1	180.00	disjoint	NULL	NULL
ho1203	B_section_has_non_line_edge	5	2	-1	-1	180.00	disjoint	NULL	NULL
ho1205	F_lateral_quad_non_planar	4	4	4	0	180.00	disjoint	NULL	SHAPE
ho1209	B_section_has_non_line_edge	0	0	-1	-1	180.00	disjoint	NULL	NULL
ho121	B_section_has_non_line_edge	0	0	-1	-1	180.00	disjoint	NULL	NULL
ho1211	F_lateral_quad_non_planar	4	4	2	0	180.00	disjoint	NULL	SHAPE
ho1212	F_lateral_quad_non_planar	4	4	4	0	180.00	disjoint	NULL	SHAPE
ho1215	B_section_has_non_line_edge	0	0	-1	-1	180.00	disjoint	NULL	NULL
ho1218	F_lateral_quad_non_planar	4	4	4	0	180.00	disjoint	NULL	SHAPE
ho1219	B_section_has_non_line_edge	0	0	-1	-1	180.00	disjoint	NULL	NULL
ho1220	B_section_has_non_line_edge	0	0	-1	-1	180.00	disjoint	NULL	NULL
ho1224	F_lateral_quad_non_planar	4	4	4	0	180.00	disjoint	NULL	SHAPE
ho1228	F_lateral_quad_non_planar	4	4	2	0	180.00	disjoint	NULL	SHAPE
ho1229	F_lateral_quad_non_planar	4	4	4	0	180.00	disjoint	NULL	SHAPE
ho1230	B_section_has_non_line_edge	0	0	-1	-1	180.00	disjoint	NULL	NULL
ho1234	B_section_has_non_line_edge	2	0	-1	-1	180.00	disjoint	NULL	NULL
ho1237	F_lateral_quad_non_planar	4	4	4	0	180.00	disjoint	NULL	SHAPE
ho1238	F_lateral_quad_non_planar	4	4	4	0	180.00	disjoint	NULL	SHAPE
ho124	F_lateral_quad_non_planar	4	4	4	0	180.00	disjoint	NULL	SHAPE
ho1241	B_section_has_non_line_edge	0	0	-1	-1	180.00	disjoint	NULL	NULL
ho1243	B_section_has_non_line_edge	0	0	-1	-1	180.00	disjoint	NULL	NULL
ho1245	F_lateral_quad_non_planar	4	4	4	0	180.00	disjoint	NULL	SHAPE
ho1248	B_section_has_non_line_edge	0	0	-1	-1	180.00	disjoint	NULL	NULL
ho125	F_lateral_quad_non_planar	4	4	4	0	180.00	disjoint	NULL	SHAPE
ho1250	B_section_has_non_line_edge	2	2	-1	-1	180.00	disjoint	NULL	NULL
ho1253	F_lateral_quad_non_planar	4	4	4	0	180.00	disjoint	NULL	SHAPE
ho1254	F_lateral_quad_non_planar	4	4	4	0	180.00	disjoint	NULL	SHAPE
ho1255	B_section_has_non_line_edge	0	1	-1	-1	180.00	disjoint	NULL	NULL
ho1259	F_lateral_quad_non_planar	4	4	2	0	180.00	disjoint	NULL	SHAPE
ho126	B_section_has_non_line_edge	0	0	-1	-1	180.00	disjoint	NULL	NULL
ho1260	F_lateral_quad_non_planar	4	4	4	0	180.00	disjoint	NULL	SHAPE
ho1266	B_section_has_non_line_edge	0	0	-1	-1	180.00	disjoint	NULL	NULL
ho1267	F_lateral_quad_non_planar	4	4	4	0	180.00	disjoint	NULL	SHAPE
ho1268	B_section_has_non_line_edge	0	1	-1	-1	180.00	disjoint	NULL	NULL
ho1272	B_section_has_non_line_edge	0	0	-1	-1	180.00	disjoint	NULL	NULL
ho1274	F_lateral_quad_non_planar	4	4	4	0	180.00	disjoint	NULL	SHAPE
ho1278	B_section_has_non_line_edge	2	2	-1	-1	180.00	disjoint	NULL	NULL
ho1281	B_section_has_non_line_edge	5	2	-1	-1	180.00	disjoint	NULL	NULL
ho1282	F_lateral_quad_non_planar	4	4	4	0	180.00	disjoint	NULL	SHAPE
ho1287	B_section_has_non_line_edge	1	3	-1	-1	180.00	disjoint	NULL	NULL
ho1290	B_section_has_non_line_edge	5	2	-1	-1	180.00	disjoint	NULL	NULL
ho1291	F_lateral_quad_non_planar	4	4	4	0	180.00	disjoint	NULL	SHAPE
ho1292	B_section_has_non_line_edge	0	0	-1	-1	180.00	disjoint	NULL	NULL
ho1295	B_section_has_non_line_edge	1	0	-1	-1	180.00	disjoint	NULL	NULL
ho1298	B_section_has_non_line_edge	0	0	-1	-1	180.00	disjoint	NULL	NULL
ho1299	F_lateral_quad_non_planar	4	4	4	0	180.00	disjoint	NULL	SHAPE
ho13	B_section_has_non_line_edge	0	0	-1	-1	180.00	disjoint	NULL	NULL
ho130	F_lateral_quad_non_planar	4	4	2	0	180.00	disjoint	NULL	SHAPE
ho1306	F_lateral_quad_non_planar	4	4	4	0	180.00	disjoint	NULL	SHAPE
ho1308	F_lateral_quad_non_planar	4	4	4	0	180.00	disjoint	NULL	SHAPE
ho1309	B_section_has_non_line_edge	0	0	-1	-1	180.00	disjoint	NULL	NULL
ho1313	B_section_has_non_line_edge	0	3	-1	-1	180.00	disjoint	NULL	NULL
ho1316	F_lateral_quad_non_planar	4	4	4	0	180.00	disjoint	NULL	SHAPE
ho132	F_lateral_quad_non_planar	4	4	4	0	180.00	disjoint	NULL	SHAPE
ho1322	B_section_has_non_line_edge	5	2	-1	-1	180.00	disjoint	NULL	NULL
ho1323	F_lateral_quad_non_planar	4	4	4	0	180.00	disjoint	NULL	SHAPE
ho1327	B_section_has_non_line_edge	2	0	-1	-1	180.00	disjoint	NULL	NULL
ho133	B_section_has_non_line_edge	0	0	-1	-1	180.00	disjoint	NULL	NULL
ho1330	F_lateral_quad_non_planar	4	4	4	0	180.00	disjoint	NULL	SHAPE
ho1331	F_lateral_quad_non_planar	4	4	4	0	180.00	disjoint	NULL	SHAPE
ho1333	B_section_has_non_line_edge	0	0	-1	-1	180.00	disjoint	NULL	NULL
ho1335	B_section_has_non_line_edge	3	1	-1	-1	180.00	disjoint	NULL	NULL
ho1338	B_section_has_non_line_edge	5	2	-1	-1	180.00	disjoint	NULL	NULL
ho1339	F_lateral_quad_non_planar	4	4	4	0	180.00	disjoint	NULL	SHAPE
ho1342	B_section_has_non_line_edge	0	0	-1	-1	180.00	disjoint	NULL	NULL
ho1344	B_section_has_non_line_edge	1	2	-1	-1	180.00	disjoint	NULL	NULL
ho1346	F_lateral_quad_non_planar	4	4	4	0	180.00	disjoint	NULL	SHAPE
ho1348	F_lateral_quad_non_planar	4	4	4	0	180.00	disjoint	NULL	SHAPE
ho1349	B_section_has_non_line_edge	0	0	-1	-1	180.00	disjoint	NULL	NULL
ho1352	B_section_has_non_line_edge	1	0	-1	-1	180.00	disjoint	NULL	NULL
ho1355	F_lateral_quad_non_planar	4	4	4	0	180.00	disjoint	NULL	SHAPE
ho1356	B_section_has_non_line_edge	0	0	-1	-1	180.00	disjoint	NULL	NULL
ho1359	B_section_has_non_line_edge	2	0	-1	-1	180.00	disjoint	NULL	NULL
ho1362	F_lateral_quad_non_planar	4	4	2	0	180.00	disjoint	NULL	SHAPE
ho1363	F_lateral_quad_non_planar	4	4	4	0	180.00	disjoint	NULL	SHAPE
ho137	B_section_has_non_line_edge	5	2	-1	-1	180.00	disjoint	NULL	NULL
ho138	F_lateral_quad_non_planar	4	4	4	0	180.00	disjoint	NULL	SHAPE
ho14	B_section_has_non_line_edge	0	0	-1	-1	180.00	disjoint	NULL	NULL
ho142	F_lateral_quad_non_planar	4	4	4	0	180.00	disjoint	NULL	SHAPE
ho143	F_lateral_quad_non_planar	4	4	4	0	180.00	disjoint	NULL	SHAPE
ho147	B_section_has_non_line_edge	0	0	-1	-1	180.00	disjoint	NULL	NULL
ho148	F_lateral_quad_non_planar	4	4	4	0	180.00	disjoint	NULL	SHAPE
ho153	F_lateral_quad_non_planar	4	4	4	0	180.00	disjoint	NULL	SHAPE
ho155	F_lateral_quad_non_planar	4	4	4	0	180.00	disjoint	NULL	SHAPE
ho156	B_section_has_non_line_edge	0	0	-1	-1	180.00	disjoint	NULL	NULL
ho160	F_lateral_quad_non_planar	4	4	4	0	180.00	disjoint	NULL	SHAPE
ho162	F_lateral_quad_non_planar	4	4	4	0	180.00	disjoint	NULL	SHAPE
ho167	B_section_has_non_line_edge	5	2	-1	-1	180.00	disjoint	NULL	NULL
ho168	F_lateral_quad_non_planar	4	4	4	0	180.00	disjoint	NULL	SHAPE
ho17	B_section_has_non_line_edge	5	0	-1	-1	180.00	disjoint	NULL	NULL
ho172	B_section_has_non_line_edge	5	2	-1	-1	180.00	disjoint	NULL	NULL
ho173	F_lateral_quad_non_planar	4	4	4	0	180.00	disjoint	NULL	SHAPE
ho178	F_lateral_quad_non_planar	4	4	4	0	180.00	disjoint	NULL	SHAPE
ho179	F_lateral_quad_non_planar	4	4	4	0	180.00	disjoint	NULL	SHAPE
ho18	F_lateral_quad_non_planar	4	4	4	0	180.00	disjoint	NULL	SHAPE
ho180	B_section_has_non_line_edge	0	0	-1	-1	180.00	disjoint	NULL	NULL
ho183	F_lateral_quad_non_planar	4	4	4	0	180.00	disjoint	NULL	SHAPE
ho184	F_lateral_quad_non_planar	4	4	4	0	180.00	disjoint	NULL	SHAPE
ho185	B_section_has_non_line_edge	0	0	-1	-1	180.00	disjoint	NULL	NULL
ho189	B_section_has_non_line_edge	5	4	-1	-1	180.00	disjoint	NULL	NULL
ho190	F_lateral_quad_non_planar	4	4	4	0	180.00	disjoint	NULL	SHAPE
ho191	B_section_has_non_line_edge	0	0	-1	-1	180.00	disjoint	NULL	NULL
ho195	F_lateral_quad_non_planar	4	4	4	0	180.00	disjoint	NULL	SHAPE
ho196	F_lateral_quad_non_planar	4	4	4	0	180.00	disjoint	NULL	SHAPE
ho197	B_section_has_non_line_edge	0	0	-1	-1	180.00	disjoint	NULL	NULL
ho2	B_section_has_non_line_edge	0	0	-1	-1	180.00	disjoint	NULL	NULL
ho20	B_section_has_non_line_edge	0	0	-1	-1	180.00	disjoint	NULL	NULL
ho202	F_lateral_quad_non_planar	4	4	2	0	180.00	disjoint	NULL	SHAPE
ho203	F_lateral_quad_non_planar	4	4	4	0	180.00	disjoint	NULL	SHAPE
ho208	B_section_has_non_line_edge	5	2	-1	-1	180.00	disjoint	NULL	NULL
ho209	F_lateral_quad_non_planar	4	4	4	0	180.00	disjoint	NULL	SHAPE
ho210	B_section_has_non_line_edge	0	1	-1	-1	180.00	disjoint	NULL	NULL
ho211	B_section_has_non_line_edge	0	0	-1	-1	180.00	disjoint	NULL	NULL
ho214	F_lateral_quad_non_planar	4	4	2	0	180.00	disjoint	NULL	SHAPE
ho215	F_lateral_quad_non_planar	4	4	4	0	180.00	disjoint	NULL	SHAPE
ho216	B_section_has_non_line_edge	0	0	-1	-1	180.00	disjoint	NULL	NULL
ho219	B_section_has_non_line_edge	5	2	-1	-1	180.00	disjoint	NULL	NULL
ho220	F_lateral_quad_non_planar	4	4	4	0	180.00	disjoint	NULL	SHAPE
ho221	B_section_has_non_line_edge	0	0	-1	-1	180.00	disjoint	NULL	NULL
ho225	F_lateral_quad_non_planar	4	4	2	0	180.00	disjoint	NULL	SHAPE
ho226	F_lateral_quad_non_planar	4	4	4	0	180.00	disjoint	NULL	SHAPE
ho23	B_section_has_non_line_edge	0	0	-1	-1	180.00	disjoint	NULL	NULL
ho232	F_lateral_quad_non_planar	4	4	2	0	180.00	disjoint	NULL	SHAPE
ho233	F_lateral_quad_non_planar	4	4	4	0	180.00	disjoint	NULL	SHAPE
ho239	F_lateral_quad_non_planar	4	4	4	0	180.00	disjoint	NULL	SHAPE
ho240	F_lateral_quad_non_planar	4	4	4	0	180.00	disjoint	NULL	SHAPE
ho245	B_section_has_non_line_edge	5	2	-1	-1	180.00	disjoint	NULL	NULL
ho246	F_lateral_quad_non_planar	4	4	4	0	180.00	disjoint	NULL	SHAPE
ho249	B_section_has_non_line_edge	0	0	-1	-1	180.00	disjoint	NULL	NULL
ho25	F_lateral_quad_non_planar	4	4	4	0	180.00	disjoint	NULL	SHAPE
ho252	F_lateral_quad_non_planar	4	4	4	0	180.00	disjoint	NULL	SHAPE
ho253	F_lateral_quad_non_planar	4	4	4	0	180.00	disjoint	NULL	SHAPE
ho254	B_section_has_non_line_edge	0	0	-1	-1	180.00	disjoint	NULL	NULL
ho260	F_lateral_quad_non_planar	4	4	4	0	180.00	disjoint	NULL	SHAPE
ho265	F_lateral_quad_non_planar	4	4	4	0	180.00	disjoint	NULL	SHAPE
ho267	F_lateral_quad_non_planar	4	4	4	0	180.00	disjoint	NULL	SHAPE
ho268	B_section_has_non_line_edge	0	0	-1	-1	180.00	disjoint	NULL	NULL
ho273	F_lateral_quad_non_planar	4	4	4	0	180.00	disjoint	NULL	SHAPE
ho274	F_lateral_quad_non_planar	4	4	4	0	180.00	disjoint	NULL	SHAPE
ho275	B_section_has_non_line_edge	0	0	-1	-1	180.00	disjoint	NULL	NULL
ho279	B_section_has_non_line_edge	5	2	-1	-1	180.00	disjoint	NULL	NULL
ho281	F_lateral_quad_non_planar	4	4	4	0	180.00	disjoint	NULL	SHAPE
ho285	F_lateral_quad_non_planar	4	4	4	0	180.00	disjoint	NULL	SHAPE
ho286	F_lateral_quad_non_planar	4	4	4	0	180.00	disjoint	NULL	SHAPE
ho291	F_lateral_quad_non_planar	4	4	4	0	180.00	disjoint	NULL	SHAPE
ho292	F_lateral_quad_non_planar	4	4	4	0	180.00	disjoint	NULL	SHAPE
ho293	B_section_has_non_line_edge	0	0	-1	-1	180.00	disjoint	NULL	NULL
ho296	B_section_has_non_line_edge	0	0	-1	-1	180.00	disjoint	NULL	NULL
ho298	F_lateral_quad_non_planar	4	4	4	0	180.00	disjoint	NULL	SHAPE
ho301	B_section_has_non_line_edge	0	0	-1	-1	180.00	disjoint	NULL	NULL
ho304	F_lateral_quad_non_planar	4	4	4	0	180.00	disjoint	NULL	SHAPE
ho305	F_lateral_quad_non_planar	4	4	4	0	180.00	disjoint	NULL	SHAPE
ho306	B_section_has_non_line_edge	0	0	-1	-1	180.00	disjoint	NULL	NULL
ho31	B_section_has_non_line_edge	4	5	-1	-1	180.00	disjoint	NULL	NULL
ho310	B_section_has_non_line_edge	5	2	-1	-1	180.00	disjoint	NULL	NULL
ho311	F_lateral_quad_non_planar	4	4	4	0	180.00	disjoint	NULL	SHAPE
ho317	B_section_has_non_line_edge	5	2	-1	-1	180.00	disjoint	NULL	NULL
ho318	F_lateral_quad_non_planar	4	4	4	0	180.00	disjoint	NULL	SHAPE
ho319	B_section_has_non_line_edge	0	0	-1	-1	180.00	disjoint	NULL	NULL
ho32	B_section_has_non_line_edge	0	0	-1	-1	180.00	disjoint	NULL	NULL
ho320	B_section_has_non_line_edge	0	0	-1	-1	180.00	disjoint	NULL	NULL
ho323	B_section_has_non_line_edge	5	0	-1	-1	180.00	disjoint	NULL	NULL
ho324	F_lateral_quad_non_planar	4	4	4	0	180.00	disjoint	NULL	SHAPE
ho325	B_section_has_non_line_edge	0	0	-1	-1	180.00	disjoint	NULL	NULL
ho330	F_lateral_quad_non_planar	4	4	4	0	180.00	disjoint	NULL	SHAPE
ho331	B_section_has_non_line_edge	0	1	-1	-1	180.00	disjoint	NULL	NULL
ho334	F_lateral_quad_non_planar	4	4	4	0	180.00	disjoint	NULL	SHAPE
ho335	F_lateral_quad_non_planar	4	4	4	0	180.00	disjoint	NULL	SHAPE
ho339	B_section_has_non_line_edge	3	0	-1	-1	180.00	disjoint	NULL	NULL
ho340	F_lateral_quad_non_planar	4	4	4	0	180.00	disjoint	NULL	SHAPE
ho341	B_section_has_non_line_edge	0	1	-1	-1	180.00	disjoint	NULL	NULL
ho345	B_section_has_non_line_edge	5	2	-1	-1	180.00	disjoint	NULL	NULL
ho346	F_lateral_quad_non_planar	4	4	4	0	180.00	disjoint	NULL	SHAPE
ho348	B_section_has_non_line_edge	0	0	-1	-1	180.00	disjoint	NULL	NULL
ho351	F_lateral_quad_non_planar	4	4	2	0	180.00	disjoint	NULL	SHAPE
ho352	F_lateral_quad_non_planar	4	4	4	0	180.00	disjoint	NULL	SHAPE
ho357	B_section_has_non_line_edge	0	0	-1	-1	180.00	disjoint	NULL	NULL
ho358	F_lateral_quad_non_planar	4	4	4	0	180.00	disjoint	NULL	SHAPE
ho363	B_section_has_non_line_edge	5	0	-1	-1	180.00	disjoint	NULL	NULL
ho364	F_lateral_quad_non_planar	4	4	4	0	180.00	disjoint	NULL	SHAPE
ho37	B_section_has_non_line_edge	5	2	-1	-1	180.00	disjoint	NULL	NULL
ho370	B_section_has_non_line_edge	4	5	-1	-1	180.00	disjoint	NULL	NULL
ho372	B_section_has_non_line_edge	0	0	-1	-1	180.00	disjoint	NULL	NULL
ho377	B_section_has_non_line_edge	5	2	-1	-1	180.00	disjoint	NULL	NULL
ho378	F_lateral_quad_non_planar	4	4	4	0	180.00	disjoint	NULL	SHAPE
ho379	B_section_has_non_line_edge	0	0	-1	-1	180.00	disjoint	NULL	NULL
ho38	F_lateral_quad_non_planar	4	4	4	0	180.00	disjoint	NULL	SHAPE
ho380	B_section_has_non_line_edge	0	0	-1	-1	180.00	disjoint	NULL	NULL
ho383	F_lateral_quad_non_planar	4	4	2	0	180.00	disjoint	NULL	SHAPE
ho384	F_lateral_quad_non_planar	4	4	4	0	180.00	disjoint	NULL	SHAPE
ho385	B_section_has_non_line_edge	0	0	-1	-1	180.00	disjoint	NULL	NULL
ho390	F_lateral_quad_non_planar	4	4	4	0	180.00	disjoint	NULL	SHAPE
ho392	F_lateral_quad_non_planar	4	4	4	0	180.00	disjoint	NULL	SHAPE
ho393	B_section_has_non_line_edge	0	0	-1	-1	180.00	disjoint	NULL	NULL
ho396	F_lateral_quad_non_planar	4	4	2	0	180.00	disjoint	NULL	SHAPE
ho397	F_lateral_quad_non_planar	4	4	4	0	180.00	disjoint	NULL	SHAPE
ho400	F_lateral_quad_non_planar	4	4	4	0	180.00	disjoint	NULL	SHAPE
ho401	F_lateral_quad_non_planar	4	4	4	0	180.00	disjoint	NULL	SHAPE
ho402	B_section_has_non_line_edge	0	0	-1	-1	180.00	disjoint	NULL	NULL
ho406	F_lateral_quad_non_planar	4	4	4	0	180.00	disjoint	NULL	SHAPE
ho407	F_lateral_quad_non_planar	4	4	4	0	180.00	disjoint	NULL	SHAPE
ho408	B_section_has_non_line_edge	0	0	-1	-1	180.00	disjoint	NULL	NULL
ho412	B_section_has_non_line_edge	5	2	-1	-1	180.00	disjoint	NULL	NULL
ho413	F_lateral_quad_non_planar	4	4	4	0	180.00	disjoint	NULL	SHAPE
ho414	B_section_has_non_line_edge	0	0	-1	-1	180.00	disjoint	NULL	NULL
ho417	F_lateral_quad_non_planar	4	4	4	0	180.00	disjoint	NULL	SHAPE
ho418	F_lateral_quad_non_planar	4	4	4	0	180.00	disjoint	NULL	SHAPE
ho420	B_section_has_non_line_edge	0	0	-1	-1	180.00	disjoint	NULL	NULL
ho423	F_lateral_quad_non_planar	4	4	4	0	180.00	disjoint	NULL	SHAPE
ho424	B_section_has_non_line_edge	0	0	-1	-1	180.00	disjoint	NULL	NULL
ho429	F_lateral_quad_non_planar	4	4	4	0	180.00	disjoint	NULL	SHAPE
ho43	B_section_has_non_line_edge	5	2	-1	-1	180.00	disjoint	NULL	NULL
ho430	B_section_has_non_line_edge	0	0	-1	-1	180.00	disjoint	NULL	NULL
ho432	B_section_has_non_line_edge	0	0	-1	-1	180.00	disjoint	NULL	NULL
ho434	F_lateral_quad_non_planar	4	4	2	0	180.00	disjoint	NULL	SHAPE
ho435	F_lateral_quad_non_planar	4	4	4	0	180.00	disjoint	NULL	SHAPE
ho436	B_section_has_non_line_edge	0	0	-1	-1	180.00	disjoint	NULL	NULL
ho439	F_lateral_quad_non_planar	4	4	2	0	180.00	disjoint	NULL	SHAPE
ho44	F_lateral_quad_non_planar	4	4	4	0	180.00	disjoint	NULL	SHAPE
ho440	F_lateral_quad_non_planar	4	4	4	0	180.00	disjoint	NULL	SHAPE
ho441	B_section_has_non_line_edge	0	0	-1	-1	180.00	disjoint	NULL	NULL
ho445	F_lateral_quad_non_planar	4	4	4	0	180.00	disjoint	NULL	SHAPE
ho447	F_lateral_quad_non_planar	4	4	4	0	180.00	disjoint	NULL	SHAPE
ho448	B_section_has_non_line_edge	0	0	-1	-1	180.00	disjoint	NULL	NULL
ho45	B_section_has_non_line_edge	0	0	-1	-1	180.00	disjoint	NULL	NULL
ho450	F_lateral_quad_non_planar	4	4	4	0	180.00	disjoint	NULL	SHAPE
ho451	F_lateral_quad_non_planar	4	4	4	0	180.00	disjoint	NULL	SHAPE
ho455	F_lateral_quad_non_planar	4	4	2	0	180.00	disjoint	NULL	SHAPE
ho456	F_lateral_quad_non_planar	4	4	4	0	180.00	disjoint	NULL	SHAPE
ho457	B_section_has_non_line_edge	0	0	-1	-1	180.00	disjoint	NULL	NULL
ho46	B_section_has_non_line_edge	0	0	-1	-1	180.00	disjoint	NULL	NULL
ho461	F_lateral_quad_non_planar	4	4	4	0	180.00	disjoint	NULL	SHAPE
ho462	F_lateral_quad_non_planar	4	4	4	0	180.00	disjoint	NULL	SHAPE
ho467	B_section_has_non_line_edge	4	5	-1	-1	180.00	disjoint	NULL	NULL
ho468	F_lateral_quad_non_planar	4	4	4	0	180.00	disjoint	NULL	SHAPE
ho469	B_section_has_non_line_edge	0	0	-1	-1	180.00	disjoint	NULL	NULL
ho471	B_section_has_non_line_edge	0	0	-1	-1	180.00	disjoint	NULL	NULL
ho475	F_lateral_quad_non_planar	4	4	4	0	180.00	disjoint	NULL	SHAPE
ho481	F_lateral_quad_non_planar	4	4	2	0	180.00	disjoint	NULL	SHAPE
ho482	B_section_has_non_line_edge	0	0	-1	-1	180.00	disjoint	NULL	NULL
ho486	F_lateral_quad_non_planar	4	4	4	0	180.00	disjoint	NULL	SHAPE
ho487	F_lateral_quad_non_planar	4	4	4	0	180.00	disjoint	NULL	SHAPE
ho488	B_section_has_non_line_edge	0	1	-1	-1	180.00	disjoint	NULL	NULL
ho49	F_lateral_quad_non_planar	4	4	4	0	180.00	disjoint	NULL	SHAPE
ho491	F_lateral_quad_non_planar	4	4	4	0	180.00	disjoint	NULL	SHAPE
ho492	F_lateral_quad_non_planar	4	4	4	0	180.00	disjoint	NULL	SHAPE
ho497	F_lateral_quad_non_planar	4	4	4	0	180.00	disjoint	NULL	SHAPE
ho498	F_lateral_quad_non_planar	4	4	4	0	180.00	disjoint	NULL	SHAPE
ho5	F_lateral_quad_non_planar	4	4	2	0	180.00	disjoint	NULL	SHAPE
ho50	F_lateral_quad_non_planar	4	4	4	0	180.00	disjoint	NULL	SHAPE
ho503	B_section_has_non_line_edge	0	0	-1	-1	180.00	disjoint	NULL	NULL
ho504	F_lateral_quad_non_planar	4	4	4	0	180.00	disjoint	NULL	SHAPE
ho505	B_section_has_non_line_edge	0	0	-1	-1	180.00	disjoint	NULL	NULL
ho509	F_lateral_quad_non_planar	4	4	4	0	180.00	disjoint	NULL	SHAPE
ho511	F_lateral_quad_non_planar	4	4	4	0	180.00	disjoint	NULL	SHAPE
ho512	B_section_has_non_line_edge	0	0	-1	-1	180.00	disjoint	NULL	NULL
ho515	B_section_has_non_line_edge	5	0	-1	-1	180.00	disjoint	NULL	NULL
ho517	B_section_has_non_line_edge	0	0	-1	-1	180.00	disjoint	NULL	NULL
ho519	B_section_has_non_line_edge	0	0	-1	-1	180.00	disjoint	NULL	NULL
ho522	B_section_has_non_line_edge	5	0	-1	-1	180.00	disjoint	NULL	NULL
ho524	F_lateral_quad_non_planar	4	4	4	0	180.00	disjoint	NULL	SHAPE
ho526	B_section_has_non_line_edge	0	0	-1	-1	180.00	disjoint	NULL	NULL
ho528	F_lateral_quad_non_planar	4	4	4	0	180.00	disjoint	NULL	SHAPE
ho533	B_section_has_non_line_edge	5	2	-1	-1	180.00	disjoint	NULL	NULL
ho534	F_lateral_quad_non_planar	4	4	4	0	180.00	disjoint	NULL	SHAPE
ho535	B_section_has_non_line_edge	0	1	-1	-1	180.00	disjoint	NULL	NULL
ho536	B_section_has_non_line_edge	0	0	-1	-1	180.00	disjoint	NULL	NULL
ho539	F_lateral_quad_non_planar	4	4	4	0	180.00	disjoint	NULL	SHAPE
ho541	F_lateral_quad_non_planar	4	4	4	0	180.00	disjoint	NULL	SHAPE
ho542	B_section_has_non_line_edge	0	0	-1	-1	180.00	disjoint	NULL	NULL
ho547	F_lateral_quad_non_planar	4	4	4	0	180.00	disjoint	NULL	SHAPE
ho549	F_lateral_quad_non_planar	4	4	4	0	180.00	disjoint	NULL	SHAPE
ho55	F_lateral_quad_non_planar	4	4	4	0	180.00	disjoint	NULL	SHAPE
ho550	B_section_has_non_line_edge	0	0	-1	-1	180.00	disjoint	NULL	NULL
ho552	B_section_has_non_line_edge	0	0	-1	-1	180.00	disjoint	NULL	NULL
ho554	B_section_has_non_line_edge	5	2	-1	-1	180.00	disjoint	NULL	NULL
ho555	F_lateral_quad_non_planar	4	4	4	0	180.00	disjoint	NULL	SHAPE
ho559	F_lateral_quad_non_planar	4	4	4	0	180.00	disjoint	NULL	SHAPE
ho56	F_lateral_quad_non_planar	4	4	4	0	180.00	disjoint	NULL	SHAPE
ho560	F_lateral_quad_non_planar	4	4	4	0	180.00	disjoint	NULL	SHAPE
ho561	B_section_has_non_line_edge	0	0	-1	-1	180.00	disjoint	NULL	NULL
ho566	F_lateral_quad_non_planar	4	4	4	0	180.00	disjoint	NULL	SHAPE
ho57	B_section_has_non_line_edge	0	0	-1	-1	180.00	disjoint	NULL	NULL
ho571	F_lateral_quad_non_planar	4	4	4	0	180.00	disjoint	NULL	SHAPE
ho572	B_section_has_non_line_edge	0	0	-1	-1	180.00	disjoint	NULL	NULL
ho573	B_section_has_non_line_edge	0	0	-1	-1	180.00	disjoint	NULL	NULL
ho574	B_section_has_non_line_edge	0	0	-1	-1	180.00	disjoint	NULL	NULL
ho577	B_section_has_non_line_edge	5	2	-1	-1	180.00	disjoint	NULL	NULL
ho579	F_lateral_quad_non_planar	4	4	4	0	180.00	disjoint	NULL	SHAPE
ho583	F_lateral_quad_non_planar	4	4	2	0	180.00	disjoint	NULL	SHAPE
ho585	F_lateral_quad_non_planar	4	4	4	0	180.00	disjoint	NULL	SHAPE
ho586	B_section_has_non_line_edge	0	0	-1	-1	180.00	disjoint	NULL	NULL
ho59	F_lateral_quad_non_planar	4	4	4	0	180.00	disjoint	NULL	SHAPE
ho591	F_lateral_quad_non_planar	4	4	4	0	180.00	disjoint	NULL	SHAPE
ho594	B_section_has_non_line_edge	0	0	-1	-1	180.00	disjoint	NULL	NULL
ho597	F_lateral_quad_non_planar	4	4	4	0	180.00	disjoint	NULL	SHAPE
ho598	F_lateral_quad_non_planar	4	4	4	0	180.00	disjoint	NULL	SHAPE
ho599	B_section_has_non_line_edge	0	0	-1	-1	180.00	disjoint	NULL	NULL
ho6	F_lateral_quad_non_planar	4	4	4	0	180.00	disjoint	NULL	SHAPE
ho602	B_section_has_non_line_edge	2	0	-1	-1	180.00	disjoint	NULL	NULL
ho606	F_lateral_quad_non_planar	4	4	4	0	180.00	disjoint	NULL	SHAPE
ho607	B_section_has_non_line_edge	0	0	-1	-1	180.00	disjoint	NULL	NULL
ho61	F_lateral_quad_non_planar	4	4	4	0	180.00	disjoint	NULL	SHAPE
ho611	F_lateral_quad_non_planar	4	4	4	0	180.00	disjoint	NULL	SHAPE
ho612	F_lateral_quad_non_planar	4	4	4	0	180.00	disjoint	NULL	SHAPE
ho613	B_section_has_non_line_edge	0	1	-1	-1	180.00	disjoint	NULL	NULL
ho614	B_section_has_non_line_edge	0	0	-1	-1	180.00	disjoint	NULL	NULL
ho616	B_section_has_non_line_edge	2	2	-1	-1	180.00	disjoint	NULL	NULL
ho617	B_section_has_non_line_edge	0	0	-1	-1	180.00	disjoint	NULL	NULL
ho619	F_lateral_quad_non_planar	4	4	4	0	180.00	disjoint	NULL	SHAPE
ho62	B_section_has_non_line_edge	0	1	-1	-1	180.00	disjoint	NULL	NULL
ho621	F_lateral_quad_non_planar	4	4	4	0	180.00	disjoint	NULL	SHAPE
ho624	B_section_has_non_line_edge	3	0	-1	-1	180.00	disjoint	NULL	NULL
ho625	B_section_has_non_line_edge	0	0	-1	-1	180.00	disjoint	NULL	NULL
ho627	B_section_has_non_line_edge	5	0	-1	-1	180.00	disjoint	NULL	NULL
ho628	F_lateral_quad_non_planar	4	4	4	0	180.00	disjoint	NULL	SHAPE
ho629	B_section_has_non_line_edge	0	0	-1	-1	180.00	disjoint	NULL	NULL
ho633	B_section_has_non_line_edge	0	3	-1	-1	180.00	disjoint	NULL	NULL
ho636	B_section_has_non_line_edge	5	2	-1	-1	180.00	disjoint	NULL	NULL
ho637	F_lateral_quad_non_planar	4	4	4	0	180.00	disjoint	NULL	SHAPE
ho638	B_section_has_non_line_edge	0	0	-1	-1	180.00	disjoint	NULL	NULL
ho642	B_section_has_non_line_edge	1	3	-1	-1	180.00	disjoint	NULL	NULL
ho645	F_lateral_quad_non_planar	4	4	4	0	180.00	disjoint	NULL	SHAPE
ho646	B_section_has_non_line_edge	0	0	-1	-1	180.00	disjoint	NULL	NULL
ho650	B_section_has_non_line_edge	1	3	-1	-1	180.00	disjoint	NULL	NULL
ho653	B_section_has_non_line_edge	5	2	-1	-1	180.00	disjoint	NULL	NULL
ho654	F_lateral_quad_non_planar	4	4	4	0	180.00	disjoint	NULL	SHAPE
ho655	B_section_has_non_line_edge	0	0	-1	-1	180.00	disjoint	NULL	NULL
ho66	F_lateral_quad_non_planar	4	4	4	0	180.00	disjoint	NULL	SHAPE
ho660	F_lateral_quad_non_planar	4	4	4	0	180.00	disjoint	NULL	SHAPE
ho661	F_lateral_quad_non_planar	4	4	4	0	180.00	disjoint	NULL	SHAPE
ho662	B_section_has_non_line_edge	0	1	-1	-1	180.00	disjoint	NULL	NULL
ho665	B_section_has_non_line_edge	2	0	-1	-1	180.00	disjoint	NULL	NULL
ho668	B_section_has_non_line_edge	0	0	-1	-1	180.00	disjoint	NULL	NULL
ho669	F_lateral_quad_non_planar	4	4	4	0	180.00	disjoint	NULL	SHAPE
ho670	B_section_has_non_line_edge	0	0	-1	-1	180.00	disjoint	NULL	NULL
ho676	F_lateral_quad_non_planar	4	4	4	0	180.00	disjoint	NULL	SHAPE
ho677	F_lateral_quad_non_planar	4	4	4	0	180.00	disjoint	NULL	SHAPE
ho678	B_section_has_non_line_edge	0	0	-1	-1	180.00	disjoint	NULL	NULL
ho68	F_lateral_quad_non_planar	4	4	4	0	180.00	disjoint	NULL	SHAPE
ho680	B_section_has_non_line_edge	0	0	-1	-1	180.00	disjoint	NULL	NULL
ho682	B_section_has_non_line_edge	5	2	-1	-1	180.00	disjoint	NULL	NULL
ho683	F_lateral_quad_non_planar	4	4	4	0	180.00	disjoint	NULL	SHAPE
ho684	B_section_has_non_line_edge	0	0	-1	-1	180.00	disjoint	NULL	NULL
ho687	B_section_has_non_line_edge	1	2	-1	-1	180.00	disjoint	NULL	NULL
ho69	B_section_has_non_line_edge	0	0	-1	-1	180.00	disjoint	NULL	NULL
ho690	F_lateral_quad_non_planar	4	4	4	0	180.00	disjoint	NULL	SHAPE
ho694	B_section_has_non_line_edge	2	0	-1	-1	180.00	disjoint	NULL	NULL
ho696	F_lateral_quad_non_planar	4	4	4	0	180.00	disjoint	NULL	SHAPE
ho697	F_lateral_quad_non_planar	4	4	4	0	180.00	disjoint	NULL	SHAPE
ho7	B_section_has_non_line_edge	0	0	-1	-1	180.00	disjoint	NULL	NULL
ho701	B_section_has_non_line_edge	2	0	-1	-1	180.00	disjoint	NULL	NULL
ho704	B_section_has_non_line_edge	5	0	-1	-1	180.00	disjoint	NULL	NULL
ho706	F_lateral_quad_non_planar	4	4	4	0	180.00	disjoint	NULL	SHAPE
ho707	B_section_has_non_line_edge	0	0	-1	-1	180.00	disjoint	NULL	NULL
ho708	B_section_has_non_line_edge	0	0	-1	-1	180.00	disjoint	NULL	NULL
ho710	B_section_has_non_line_edge	1	3	-1	-1	180.00	disjoint	NULL	NULL
ho713	B_section_has_non_line_edge	0	0	-1	-1	180.00	disjoint	NULL	NULL
ho714	B_section_has_non_line_edge	0	0	-1	-1	180.00	disjoint	NULL	NULL
ho716	B_section_has_non_line_edge	1	2	-1	-1	180.00	disjoint	NULL	NULL
ho719	F_lateral_quad_non_planar	4	4	4	0	180.00	disjoint	NULL	SHAPE
ho72	B_section_has_non_line_edge	4	3	-1	-1	180.00	disjoint	NULL	NULL
ho721	F_lateral_quad_non_planar	4	4	4	0	180.00	disjoint	NULL	SHAPE
ho722	B_section_has_non_line_edge	0	0	-1	-1	180.00	disjoint	NULL	NULL
ho725	B_section_has_non_line_edge	0	2	-1	-1	180.00	disjoint	NULL	NULL
ho728	F_lateral_quad_non_planar	4	4	4	0	180.00	disjoint	NULL	SHAPE
ho73	F_lateral_quad_non_planar	4	4	4	0	180.00	disjoint	NULL	SHAPE
ho730	F_lateral_quad_non_planar	4	4	4	0	180.00	disjoint	NULL	SHAPE
ho731	B_section_has_non_line_edge	0	0	-1	-1	180.00	disjoint	NULL	NULL
ho732	B_section_has_non_line_edge	0	0	-1	-1	180.00	disjoint	NULL	NULL
ho734	B_section_has_non_line_edge	0	0	-1	-1	180.00	disjoint	NULL	NULL
ho737	F_lateral_quad_non_planar	4	4	4	0	180.00	disjoint	NULL	SHAPE
ho738	F_lateral_quad_non_planar	4	4	4	0	180.00	disjoint	NULL	SHAPE
ho739	B_section_has_non_line_edge	0	0	-1	-1	180.00	disjoint	NULL	NULL
ho741	B_section_has_non_line_edge	0	0	-1	-1	180.00	disjoint	NULL	NULL
ho744	F_lateral_quad_non_planar	4	4	4	0	180.00	disjoint	NULL	SHAPE
ho745	F_lateral_quad_non_planar	4	4	4	0	180.00	disjoint	NULL	SHAPE
ho749	B_section_has_non_line_edge	0	3	-1	-1	180.00	disjoint	NULL	NULL
ho752	F_lateral_quad_non_planar	4	4	4	0	180.00	disjoint	NULL	SHAPE
ho753	F_lateral_quad_non_planar	4	4	4	0	180.00	disjoint	NULL	SHAPE
ho757	B_section_has_non_line_edge	0	3	-1	-1	180.00	disjoint	NULL	NULL
ho760	B_section_has_non_line_edge	5	0	-1	-1	180.00	disjoint	NULL	NULL
ho761	F_lateral_quad_non_planar	4	4	4	0	180.00	disjoint	NULL	SHAPE
ho762	B_section_has_non_line_edge	0	0	-1	-1	180.00	disjoint	NULL	NULL
ho765	B_section_has_non_line_edge	0	0	-1	-1	180.00	disjoint	NULL	NULL
ho768	B_section_has_non_line_edge	5	0	-1	-1	180.00	disjoint	NULL	NULL
ho769	F_lateral_quad_non_planar	4	4	4	0	180.00	disjoint	NULL	SHAPE
ho77	F_lateral_quad_non_planar	4	4	4	0	180.00	disjoint	NULL	SHAPE
ho770	B_section_has_non_line_edge	0	0	-1	-1	180.00	disjoint	NULL	NULL
ho772	B_section_has_non_line_edge	0	0	-1	-1	180.00	disjoint	NULL	NULL
ho777	B_section_has_non_line_edge	0	0	-1	-1	180.00	disjoint	NULL	NULL
ho78	F_lateral_quad_non_planar	4	4	4	0	180.00	disjoint	NULL	SHAPE
ho781	B_section_has_non_line_edge	1	0	-1	-1	180.00	disjoint	NULL	NULL
ho783	B_section_has_non_line_edge	0	0	-1	-1	180.00	disjoint	NULL	NULL
ho784	F_lateral_quad_non_planar	4	4	4	0	180.00	disjoint	NULL	SHAPE
ho789	B_section_has_non_line_edge	0	0	-1	-1	180.00	disjoint	NULL	NULL
ho792	F_lateral_quad_non_planar	4	4	4	0	180.00	disjoint	NULL	SHAPE
ho793	F_lateral_quad_non_planar	4	4	4	0	180.00	disjoint	NULL	SHAPE
ho795	B_section_has_non_line_edge	0	0	-1	-1	180.00	disjoint	NULL	NULL
ho797	B_section_has_non_line_edge	1	2	-1	-1	180.00	disjoint	NULL	NULL
ho799	F_lateral_quad_non_planar	4	4	4	0	180.00	disjoint	NULL	SHAPE
ho800	F_lateral_quad_non_planar	4	4	4	0	180.00	disjoint	NULL	SHAPE
ho801	B_section_has_non_line_edge	0	0	-1	-1	180.00	disjoint	NULL	NULL
ho805	B_section_has_non_line_edge	0	0	-1	-1	180.00	disjoint	NULL	NULL
ho807	F_lateral_quad_non_planar	4	4	2	0	180.00	disjoint	NULL	SHAPE
ho809	F_lateral_quad_non_planar	4	4	4	0	180.00	disjoint	NULL	SHAPE
ho810	B_section_has_non_line_edge	0	0	-1	-1	180.00	disjoint	NULL	NULL
ho815	B_section_has_non_line_edge	0	0	-1	-1	180.00	disjoint	NULL	NULL
ho816	F_lateral_quad_non_planar	4	4	4	0	180.00	disjoint	NULL	SHAPE
ho817	B_section_has_non_line_edge	0	0	-1	-1	180.00	disjoint	NULL	NULL
ho82	F_lateral_quad_non_planar	4	4	4	0	180.00	disjoint	NULL	SHAPE
ho823	F_lateral_quad_non_planar	4	4	2	0	180.00	disjoint	NULL	SHAPE
ho824	F_lateral_quad_non_planar	4	4	4	0	180.00	disjoint	NULL	SHAPE
ho825	B_section_has_non_line_edge	0	1	-1	-1	180.00	disjoint	NULL	NULL
ho826	B_section_has_non_line_edge	0	0	-1	-1	180.00	disjoint	NULL	NULL
ho827	B_section_has_non_line_edge	1	3	-1	-1	180.00	disjoint	NULL	NULL
ho83	F_lateral_quad_non_planar	4	4	4	0	180.00	disjoint	NULL	SHAPE
ho830	F_lateral_quad_non_planar	4	4	4	0	180.00	disjoint	NULL	SHAPE
ho831	F_lateral_quad_non_planar	4	4	4	0	180.00	disjoint	NULL	SHAPE
ho836	B_section_has_non_line_edge	0	0	-1	-1	180.00	disjoint	NULL	NULL
ho839	B_section_has_non_line_edge	0	0	-1	-1	180.00	disjoint	NULL	NULL
ho84	B_section_has_non_line_edge	0	0	-1	-1	180.00	disjoint	NULL	NULL
ho841	F_lateral_quad_non_planar	4	4	4	0	180.00	disjoint	NULL	SHAPE
ho842	B_section_has_non_line_edge	0	0	-1	-1	180.00	disjoint	NULL	NULL
ho846	B_section_has_non_line_edge	1	3	-1	-1	180.00	disjoint	NULL	NULL
ho849	F_lateral_quad_non_planar	4	4	4	0	180.00	disjoint	NULL	SHAPE
ho851	F_lateral_quad_non_planar	4	4	4	0	180.00	disjoint	NULL	SHAPE
ho854	B_section_has_non_line_edge	0	3	-1	-1	180.00	disjoint	NULL	NULL
ho857	B_section_has_non_line_edge	0	0	-1	-1	180.00	disjoint	NULL	NULL
ho859	F_lateral_quad_non_planar	4	4	4	0	180.00	disjoint	NULL	SHAPE
ho860	B_section_has_non_line_edge	0	0	-1	-1	180.00	disjoint	NULL	NULL
ho863	B_section_has_non_line_edge	0	0	-1	-1	180.00	disjoint	NULL	NULL
ho866	F_lateral_quad_non_planar	4	4	4	0	180.00	disjoint	NULL	SHAPE
ho867	F_lateral_quad_non_planar	4	4	4	0	180.00	disjoint	NULL	SHAPE
ho868	B_section_has_non_line_edge	0	0	-1	-1	180.00	disjoint	NULL	NULL
ho871	B_section_has_non_line_edge	1	0	-1	-1	180.00	disjoint	NULL	NULL
ho874	F_lateral_quad_non_planar	4	4	4	0	180.00	disjoint	NULL	SHAPE
ho875	F_lateral_quad_non_planar	4	4	4	0	180.00	disjoint	NULL	SHAPE
ho876	B_section_has_non_line_edge	0	0	-1	-1	180.00	disjoint	NULL	NULL
ho880	F_lateral_quad_non_planar	4	4	2	0	180.00	disjoint	NULL	SHAPE
ho881	F_lateral_quad_non_planar	4	4	4	0	180.00	disjoint	NULL	SHAPE
ho884	B_section_has_non_line_edge	1	0	-1	-1	180.00	disjoint	NULL	NULL
ho886	F_lateral_quad_non_planar	4	4	2	0	180.00	disjoint	NULL	SHAPE
ho888	F_lateral_quad_non_planar	4	4	4	0	180.00	disjoint	NULL	SHAPE
ho89	F_lateral_quad_non_planar	4	4	4	0	180.00	disjoint	NULL	SHAPE
ho893	F_lateral_quad_non_planar	4	4	4	0	180.00	disjoint	NULL	SHAPE
ho894	F_lateral_quad_non_planar	4	4	4	0	180.00	disjoint	NULL	SHAPE
ho898	B_section_has_non_line_edge	1	0	-1	-1	180.00	disjoint	NULL	NULL
ho90	F_lateral_quad_non_planar	4	4	4	0	180.00	disjoint	NULL	SHAPE
ho901	F_lateral_quad_non_planar	4	4	4	0	180.00	disjoint	NULL	SHAPE
ho902	F_lateral_quad_non_planar	4	4	4	0	180.00	disjoint	NULL	SHAPE
ho903	B_section_has_non_line_edge	0	0	-1	-1	180.00	disjoint	NULL	NULL
ho908	F_lateral_quad_non_planar	4	4	4	0	180.00	disjoint	NULL	SHAPE
ho91	B_section_has_non_line_edge	0	0	-1	-1	180.00	disjoint	NULL	NULL
ho910	F_lateral_quad_non_planar	4	4	4	0	180.00	disjoint	NULL	SHAPE
ho911	B_section_has_non_line_edge	0	0	-1	-1	180.00	disjoint	NULL	NULL
ho914	B_section_has_non_line_edge	1	3	-1	-1	180.00	disjoint	NULL	NULL
ho917	F_lateral_quad_non_planar	4	4	4	0	180.00	disjoint	NULL	SHAPE
ho918	F_lateral_quad_non_planar	4	4	4	0	180.00	disjoint	NULL	SHAPE
ho921	B_section_has_non_line_edge	0	0	-1	-1	180.00	disjoint	NULL	NULL
ho924	F_lateral_quad_non_planar	4	4	2	0	180.00	disjoint	NULL	SHAPE
ho925	F_lateral_quad_non_planar	4	4	4	0	180.00	disjoint	NULL	SHAPE
ho926	B_section_has_non_line_edge	0	0	-1	-1	180.00	disjoint	NULL	NULL
ho928	B_section_has_non_line_edge	3	1	-1	-1	180.00	disjoint	NULL	NULL
ho930	F_lateral_quad_non_planar	4	4	2	0	180.00	disjoint	NULL	SHAPE
ho932	F_lateral_quad_non_planar	4	4	4	0	180.00	disjoint	NULL	SHAPE
ho933	B_section_has_non_line_edge	0	0	-1	-1	180.00	disjoint	NULL	NULL
ho936	B_section_has_non_line_edge	3	1	-1	-1	180.00	disjoint	NULL	NULL
ho939	F_lateral_quad_non_planar	4	4	4	0	180.00	disjoint	NULL	SHAPE
ho940	F_lateral_quad_non_planar	4	4	4	0	180.00	disjoint	NULL	SHAPE
ho941	B_section_has_non_line_edge	0	0	-1	-1	180.00	disjoint	NULL	NULL
ho945	F_lateral_quad_non_planar	4	4	4	0	180.00	disjoint	NULL	SHAPE
ho946	F_lateral_quad_non_planar	4	4	4	0	180.00	disjoint	NULL	SHAPE
ho951	B_section_has_non_line_edge	2	0	-1	-1	180.00	disjoint	NULL	NULL
ho954	F_lateral_quad_non_planar	4	4	4	0	180.00	disjoint	NULL	SHAPE
ho955	F_lateral_quad_non_planar	4	4	4	0	180.00	disjoint	NULL	SHAPE
ho956	B_section_has_non_line_edge	0	0	-1	-1	180.00	disjoint	NULL	NULL
ho958	B_section_has_non_line_edge	3	1	-1	-1	180.00	disjoint	NULL	NULL
ho961	F_lateral_quad_non_planar	4	4	2	0	180.00	disjoint	NULL	SHAPE
ho962	F_lateral_quad_non_planar	4	4	4	0	180.00	disjoint	NULL	SHAPE
ho963	B_section_has_non_line_edge	0	0	-1	-1	180.00	disjoint	NULL	NULL
ho966	B_section_has_non_line_edge	3	1	-1	-1	180.00	disjoint	NULL	NULL
ho969	F_lateral_quad_non_planar	4	4	4	0	180.00	disjoint	NULL	SHAPE
ho97	F_lateral_quad_non_planar	4	4	4	0	180.00	disjoint	NULL	SHAPE
ho970	F_lateral_quad_non_planar	4	4	4	0	180.00	disjoint	NULL	SHAPE
ho974	B_section_has_non_line_edge	2	2	-1	-1	180.00	disjoint	NULL	NULL
ho977	F_lateral_quad_non_planar	4	4	4	0	180.00	disjoint	NULL	SHAPE
ho978	F_lateral_quad_non_planar	4	4	4	0	180.00	disjoint	NULL	SHAPE
ho980	B_section_has_non_line_edge	0	0	-1	-1	180.00	disjoint	NULL	NULL
ho982	B_section_has_non_line_edge	0	0	-1	-1	180.00	disjoint	NULL	NULL
ho985	F_lateral_quad_non_planar	4	4	2	0	180.00	disjoint	NULL	SHAPE
ho986	F_lateral_quad_non_planar	4	4	4	0	180.00	disjoint	NULL	SHAPE
ho987	B_section_has_non_line_edge	0	0	-1	-1	180.00	disjoint	NULL	NULL
ho990	B_section_has_non_line_edge	0	2	-1	-1	180.00	disjoint	NULL	NULL
ho993	F_lateral_quad_non_planar	4	4	4	0	180.00	disjoint	NULL	SHAPE
ho994	F_lateral_quad_non_planar	4	4	4	0	180.00	disjoint	NULL	SHAPE
ho995	B_section_has_non_line_edge	0	0	-1	-1	180.00	disjoint	NULL	NULL
ho998	B_section_has_non_line_edge	1	0	-1	-1	180.00	disjoint	NULL	NULL
