part	nFaces	nPlanar	nCurved	unsupported	curvedMultiWire	curvedPartialRev	planarPolyWire	planarMultiEdgeWire	planarOk	curvedOk	rung_THICKSOLID	rung_OFFSETSHAPE	eng_TS	eng_OS	control
ho0	144	17	54	73	0	14	10	0	7	40	S1_unsupported_surface	S1_unsupported_surface	0	0	ok
ho1	180	174	6	0	0	0	172	0	2	6	S2_planar_wire_edge_not_full_circle	S2_planar_wire_edge_not_full_circle	0	0	ok
ho10	77	33	44	0	0	10	28	0	5	34	S2_planar_wire_edge_not_full_circle	S2_planar_wire_edge_not_full_circle	0	0	ok
ho1001	46	16	30	0	0	0	6	0	10	30	S2_planar_wire_edge_not_full_circle	S2_planar_wire_edge_not_full_circle	0	0	ok
ho1002	306	300	6	0	0	0	298	0	2	6	S2_planar_wire_edge_not_full_circle	S2_planar_wire_edge_not_full_circle	0	0	ok
ho1005	155	31	26	98	3	5	27	0	4	18	S1_unsupported_surface	S1_unsupported_surface	0	0	ok
ho1008	80	37	43	0	0	12	29	0	8	31	S2_planar_wire_edge_not_full_circle	S2_planar_wire_edge_not_full_circle	0	0	ok
ho1010	308	302	6	0	0	0	300	0	2	6	S2_planar_wire_edge_not_full_circle	S2_planar_wire_edge_not_full_circle	0	0	ok
ho1011	36	13	10	13	0	0	11	0	2	10	S1_unsupported_surface	S1_unsupported_surface	0	0	ok
ho1014	174	25	29	120	2	6	21	0	4	21	S1_unsupported_surface	S1_unsupported_surface	0	0	ok
ho1017	46	16	30	0	0	0	6	0	10	30	S2_planar_wire_edge_not_full_circle	S2_planar_wire_edge_not_full_circle	0	0	ok
ho1019	88	82	6	0	0	0	80	0	2	6	S2_planar_wire_edge_not_full_circle	S2_planar_wire_edge_not_full_circle	0	0	ok
ho102	83	33	50	0	0	14	28	0	5	36	S2_planar_wire_edge_not_full_circle	S2_planar_wire_edge_not_full_circle	0	0	ok
ho1020	38	16	10	12	0	0	11	0	5	10	S1_unsupported_surface	S1_unsupported_surface	0	0	ok
ho1024	111	53	58	0	0	26	46	0	7	32	S2_planar_wire_edge_not_full_circle	S2_planar_wire_edge_not_full_circle	0	0	ok
ho1025	172	166	6	0	0	0	164	0	2	6	S2_planar_wire_edge_not_full_circle	S2_planar_wire_edge_not_full_circle	0	0	ok
ho103	298	292	6	0	0	0	290	0	2	6	S2_planar_wire_edge_not_full_circle	S2_planar_wire_edge_not_full_circle	0	0	ok
ho1030	92	44	48	0	0	17	33	0	11	31	S2_planar_wire_edge_not_full_circle	S2_planar_wire_edge_not_full_circle	0	0	ok
ho1031	88	82	6	0	0	0	80	0	2	6	S2_planar_wire_edge_not_full_circle	S2_planar_wire_edge_not_full_circle	0	0	ok
ho1032	35	12	10	13	0	0	10	0	2	10	S1_unsupported_surface	S1_unsupported_surface	0	0	ok
ho1034	166	30	26	110	4	5	26	0	4	17	S1_unsupported_surface	S1_unsupported_surface	0	0	ok
ho1037	120	16	46	58	0	8	6	0	10	38	S1_unsupported_surface	S1_unsupported_surface	0	0	ok
ho1039	288	282	6	0	0	0	280	0	2	6	S2_planar_wire_edge_not_full_circle	S2_planar_wire_edge_not_full_circle	0	0	ok
ho104	37	14	10	13	0	0	13	0	1	10	S1_unsupported_surface	S1_unsupported_surface	0	0	ok
ho1040	122	14	23	85	0	10	11	0	3	13	S1_unsupported_surface	S1_unsupported_surface	0	0	ok
ho1041	22	7	15	0	0	0	0	0	7	15	PASSED_S1_S3	PASSED_S1_S3	0	1	ok
ho1043	174	27	27	120	3	5	23	0	4	19	S1_unsupported_surface	S1_unsupported_surface	0	0	ok
ho1046	61	21	40	0	0	6	15	0	6	34	S2_planar_wire_edge_not_full_circle	S2_planar_wire_edge_not_full_circle	0	0	ok
ho1047	192	186	6	0	0	0	184	0	2	6	S2_planar_wire_edge_not_full_circle	S2_planar_wire_edge_not_full_circle	0	0	ok
ho1051	184	27	35	122	3	5	23	0	4	27	S1_unsupported_surface	S1_unsupported_surface	0	0	ok
ho1054	172	166	6	0	0	0	164	0	2	6	S2_planar_wire_edge_not_full_circle	S2_planar_wire_edge_not_full_circle	0	0	ok
ho1055	31	13	6	12	0	0	11	0	2	6	S1_unsupported_surface	S1_unsupported_surface	0	0	ok
ho1058	180	31	31	118	4	5	27	0	4	22	S1_unsupported_surface	S1_unsupported_surface	0	0	ok
ho1060	172	166	6	0	0	0	164	0	2	6	S2_planar_wire_edge_not_full_circle	S2_planar_wire_edge_not_full_circle	0	0	ok
ho1066	76	32	44	0	0	12	27	0	5	32	S2_planar_wire_edge_not_full_circle	S2_planar_wire_edge_not_full_circle	0	0	ok
ho1067	288	282	6	0	0	0	280	0	2	6	S2_planar_wire_edge_not_full_circle	S2_planar_wire_edge_not_full_circle	0	0	ok
ho107	103	51	52	0	0	23	43	0	8	29	S2_planar_wire_edge_not_full_circle	S2_planar_wire_edge_not_full_circle	0	0	ok
ho1076	88	82	6	0	0	0	80	0	2	6	S2_planar_wire_edge_not_full_circle	S2_planar_wire_edge_not_full_circle	0	0	ok
ho1077	34	14	10	10	0	0	10	0	4	10	S1_unsupported_surface	S1_unsupported_surface	0	0	ok
ho108	172	166	6	0	0	0	164	0	2	6	S2_planar_wire_edge_not_full_circle	S2_planar_wire_edge_not_full_circle	0	0	ok
ho1080	178	31	35	112	3	5	27	0	4	27	S1_unsupported_surface	S1_unsupported_surface	0	0	ok
ho1082	74	31	43	0	0	9	24	0	7	34	S2_planar_wire_edge_not_full_circle	S2_planar_wire_edge_not_full_circle	0	0	ok
ho1083	88	82	6	0	0	0	80	0	2	6	S2_planar_wire_edge_not_full_circle	S2_planar_wire_edge_not_full_circle	0	0	ok
ho1084	123	15	24	84	0	10	11	0	4	14	S1_unsupported_surface	S1_unsupported_surface	0	0	ok
ho1087	157	30	31	96	3	6	26	0	4	22	S1_unsupported_surface	S1_unsupported_surface	0	0	ok
ho1089	48	16	32	0	0	0	6	0	10	32	S2_planar_wire_edge_not_full_circle	S2_planar_wire_edge_not_full_circle	0	0	ok
ho109	111	15	20	76	0	10	11	0	4	10	S1_unsupported_surface	S1_unsupported_surface	0	0	ok
ho1091	286	280	6	0	0	0	278	0	2	6	S2_planar_wire_edge_not_full_circle	S2_planar_wire_edge_not_full_circle	0	0	ok
ho1092	34	13	8	13	0	0	10	0	3	8	S1_unsupported_surface	S1_unsupported_surface	0	0	ok
ho1094	168	31	27	110	4	5	27	0	4	18	S1_unsupported_surface	S1_unsupported_surface	0	0	ok
ho1097	70	24	46	0	0	9	18	0	6	37	S2_planar_wire_edge_not_full_circle	S2_planar_wire_edge_not_full_circle	0	0	ok
ho1098	172	166	6	0	0	0	164	0	2	6	S2_planar_wire_edge_not_full_circle	S2_planar_wire_edge_not_full_circle	0	0	ok
ho1099	32	14	6	12	0	0	12	0	2	6	S1_unsupported_surface	S1_unsupported_surface	0	0	ok
ho1104	42	16	26	0	0	0	6	0	10	26	S2_planar_wire_edge_not_full_circle	S2_planar_wire_edge_not_full_circle	0	0	ok
ho1105	328	322	6	0	0	0	320	0	2	6	S2_planar_wire_edge_not_full_circle	S2_planar_wire_edge_not_full_circle	0	0	ok
ho111	29	7	22	0	0	8	2	0	5	14	S2_planar_wire_edge_not_full_circle	S2_planar_wire_edge_not_full_circle	0	0	ok
ho1112	90	42	48	0	0	16	37	0	5	32	S2_planar_wire_edge_not_full_circle	S2_planar_wire_edge_not_full_circle	0	0	ok
ho1114	384	378	6	0	0	0	376	0	2	6	S2_planar_wire_edge_not_full_circle	S2_planar_wire_edge_not_full_circle	0	0	ok
ho1119	156	31	27	98	3	6	27	0	4	18	S1_unsupported_surface	S1_unsupported_surface	0	0	ok
ho1122	66	27	39	0	0	8	22	0	5	31	S2_planar_wire_edge_not_full_circle	S2_planar_wire_edge_not_full_circle	0	0	ok
ho1123	88	82	6	0	0	0	80	0	2	6	S2_planar_wire_edge_not_full_circle	S2_planar_wire_edge_not_full_circle	0	0	ok
ho1124	33	13	10	10	0	0	10	0	3	10	S1_unsupported_surface	S1_unsupported_surface	0	0	ok
ho1129	52	18	34	0	0	0	6	0	12	34	S2_planar_wire_edge_not_full_circle	S2_planar_wire_edge_not_full_circle	0	0	ok
ho1130	88	82	6	0	0	0	80	0	2	6	S2_planar_wire_edge_not_full_circle	S2_planar_wire_edge_not_full_circle	0	0	ok
ho1131	37	17	8	12	0	0	12	0	5	8	S1_unsupported_surface	S1_unsupported_surface	0	0	ok
ho1134	171	26	27	118	1	5	22	0	4	21	S1_unsupported_surface	S1_unsupported_surface	0	0	ok
ho1137	48	17	31	0	0	2	10	0	7	29	S2_planar_wire_edge_not_full_circle	S2_planar_wire_edge_not_full_circle	0	0	ok
ho1138	172	166	6	0	0	0	164	0	2	6	S2_planar_wire_edge_not_full_circle	S2_planar_wire_edge_not_full_circle	0	0	ok
ho1139	33	13	10	10	0	0	10	0	3	10	S1_unsupported_surface	S1_unsupported_surface	0	0	ok
ho114	138	17	52	69	0	14	10	0	7	38	S1_unsupported_surface	S1_unsupported_surface	0	0	ok
ho1144	120	16	46	58	0	8	6	0	10	38	S1_unsupported_surface	S1_unsupported_surface	0	0	ok
ho1145	358	352	6	0	0	0	350	0	2	6	S2_planar_wire_edge_not_full_circle	S2_planar_wire_edge_not_full_circle	0	0	ok
ho1149	180	31	35	114	3	5	27	0	4	27	S1_unsupported_surface	S1_unsupported_surface	0	0	ok
ho115	172	166	6	0	0	0	164	0	2	6	S2_planar_wire_edge_not_full_circle	S2_planar_wire_edge_not_full_circle	0	0	ok
ho1152	87	41	46	0	0	15	32	0	9	31	S2_planar_wire_edge_not_full_circle	S2_planar_wire_edge_not_full_circle	0	0	ok
ho1153	288	282	6	0	0	0	280	0	2	6	S2_planar_wire_edge_not_full_circle	S2_planar_wire_edge_not_full_circle	0	0	ok
ho1154	118	16	23	79	0	10	11	0	5	13	S1_unsupported_surface	S1_unsupported_surface	0	0	ok
ho1155	43	14	29	0	0	16	10	0	4	13	S2_planar_wire_edge_not_full_circle	S2_planar_wire_edge_not_full_circle	0	0	ok
ho1157	176	31	35	110	4	5	27	0	4	26	S1_unsupported_surface	S1_unsupported_surface	0	0	ok
ho116	97	12	18	67	0	7	9	0	3	11	S1_unsupported_surface	S1_unsupported_surface	0	0	ok
ho1160	42	16	26	0	0	0	6	0	10	26	S2_planar_wire_edge_not_full_circle	S2_planar_wire_edge_not_full_circle	0	0	ok
ho1162	172	166	6	0	0	0	164	0	2	6	S2_planar_wire_edge_not_full_circle	S2_planar_wire_edge_not_full_circle	0	0	ok
ho1166	86	36	50	0	0	18	31	0	5	32	S2_planar_wire_edge_not_full_circle	S2_planar_wire_edge_not_full_circle	0	0	ok
ho1167	172	166	6	0	0	0	164	0	2	6	S2_planar_wire_edge_not_full_circle	S2_planar_wire_edge_not_full_circle	0	0	ok
ho1168	31	11	10	10	0	0	10	0	1	10	S1_unsupported_surface	S1_unsupported_surface	0	0	ok
ho1171	179	29	34	116	2	8	25	0	4	24	S1_unsupported_surface	S1_unsupported_surface	0	0	ok
ho1173	54	18	36	0	0	0	6	0	12	36	S2_planar_wire_edge_not_full_circle	S2_planar_wire_edge_not_full_circle	0	0	ok
ho1174	294	288	6	0	0	0	286	0	2	6	S2_planar_wire_edge_not_full_circle	S2_planar_wire_edge_not_full_circle	0	0	ok
ho1175	37	15	10	12	0	0	10	0	5	10	S1_unsupported_surface	S1_unsupported_surface	0	0	ok
ho1178	176	27	27	122	3	5	23	0	4	19	S1_unsupported_surface	S1_unsupported_surface	0	0	ok
ho1180	88	82	6	0	0	0	80	0	2	6	S2_planar_wire_edge_not_full_circle	S2_planar_wire_edge_not_full_circle	0	0	ok
ho1184	176	27	31	118	3	5	23	0	4	23	S1_unsupported_surface	S1_unsupported_surface	0	0	ok
ho1187	48	18	30	0	0	0	9	0	9	30	S2_planar_wire_edge_not_full_circle	S2_planar_wire_edge_not_full_circle	0	0	ok
ho1189	88	82	6	0	0	0	80	0	2	6	S2_planar_wire_edge_not_full_circle	S2_planar_wire_edge_not_full_circle	0	0	ok
ho119	54	18	36	0	0	0	6	0	12	36	S2_planar_wire_edge_not_full_circle	S2_planar_wire_edge_not_full_circle	0	0	ok
ho1190	124	16	25	83	0	10	11	0	5	15	S1_unsupported_surface	S1_unsupported_surface	0	0	ok
ho1191	22	7	15	0	0	0	0	0	7	15	PASSED_S1_S3	PASSED_S1_S3	0	1	ok
ho1195	120	16	46	58	0	8	6	0	10	38	S1_unsupported_surface	S1_unsupported_surface	0	0	ok
ho1196	328	322	6	0	0	0	320	0	2	6	S2_planar_wire_edge_not_full_circle	S2_planar_wire_edge_not_full_circle	0	0	ok
ho1197	33	13	8	12	0	0	11	0	2	8	S1_unsupported_surface	S1_unsupported_surface	0	0	ok
ho12	88	82	6	0	0	0	80	0	2	6	S2_planar_wire_edge_not_full_circle	S2_planar_wire_edge_not_full_circle	0	0	ok
ho120	170	164	6	0	0	0	162	0	2	6	S2_planar_wire_edge_not_full_circle	S2_planar_wire_edge_not_full_circle	0	0	ok
ho1200	165	31	30	104	3	5	27	0	4	22	S1_unsupported_surface	S1_unsupported_surface	0	0	ok
ho1203	93	42	51	0	0	19	35	0	7	32	S2_planar_wire_edge_not_full_circle	S2_planar_wire_edge_not_full_circle	0	0	ok
ho1205	384	378	6	0	0	0	376	0	2	6	S2_planar_wire_edge_not_full_circle	S2_planar_wire_edge_not_full_circle	0	0	ok
ho1209	178	25	31	122	3	6	21	0	4	22	S1_unsupported_surface	S1_unsupported_surface	0	0	ok
ho121	38	16	10	12	0	0	11	0	5	10	S1_unsupported_surface	S1_unsupported_surface	0	0	ok
ho1211	138	17	52	69	0	14	10	0	7	38	S1_unsupported_surface	S1_unsupported_surface	0	0	ok
ho1212	88	82	6	0	0	0	80	0	2	6	S2_planar_wire_edge_not_full_circle	S2_planar_wire_edge_not_full_circle	0	0	ok
ho1215	181	33	40	108	3	10	29	0	4	27	S1_unsupported_surface	S1_unsupported_surface	0	0	ok
ho1218	172	166	6	0	0	0	164	0	2	6	S2_planar_wire_edge_not_full_circle	S2_planar_wire_edge_not_full_circle	0	0	ok
ho1219	34	14	8	12	0	0	11	0	3	8	S1_unsupported_surface	S1_unsupported_surface	0	0	ok
ho1220	22	7	15	0	0	0	0	0	7	15	PASSED_S1_S3	PASSED_S1_S3	0	1	ok
ho1224	88	82	6	0	0	0	80	0	2	6	S2_planar_wire_edge_not_full_circle	S2_planar_wire_edge_not_full_circle	0	0	ok
ho1228	126	16	48	62	0	8	6	0	10	40	S1_unsupported_surface	S1_unsupported_surface	0	0	ok
ho1229	172	166	6	0	0	0	164	0	2	6	S2_planar_wire_edge_not_full_circle	S2_planar_wire_edge_not_full_circle	0	0	ok
ho1230	30	10	10	10	0	0	8	0	2	10	S1_unsupported_surface	S1_unsupported_surface	0	0	ok
ho1234	168	31	31	106	3	6	27	0	4	22	S1_unsupported_surface	S1_unsupported_surface	0	0	ok
ho1237	42	16	26	0	0	0	6	0	10	26	S2_planar_wire_edge_not_full_circle	S2_planar_wire_edge_not_full_circle	0	0	ok
ho1238	286	280	6	0	0	0	278	0	2	6	S2_planar_wire_edge_not_full_circle	S2_planar_wire_edge_not_full_circle	0	0	ok
ho124	89	39	50	0	0	17	32	0	7	33	S2_planar_wire_edge_not_full_circle	S2_planar_wire_edge_not_full_circle	0	0	ok
ho1241	22	7	15	0	0	0	0	0	7	15	PASSED_S1_S3	PASSED_S1_S3	0	1	ok
ho1243	182	26	32	124	3	3	22	0	4	26	S1_unsupported_surface	S1_unsupported_surface	0	0	ok
ho1245	172	166	6	0	0	0	164	0	2	6	S2_planar_wire_edge_not_full_circle	S2_planar_wire_edge_not_full_circle	0	0	ok
ho1248	52	7	40	5	0	0	0	0	7	40	S1_unsupported_surface	S1_unsupported_surface	0	0	ok
ho125	384	378	6	0	0	0	376	0	2	6	S2_planar_wire_edge_not_full_circle	S2_planar_wire_edge_not_full_circle	0	0	ok
ho1250	159	31	26	102	3	5	27	0	4	18	S1_unsupported_surface	S1_unsupported_surface	0	0	ok
ho1253	61	22	39	0	0	4	14	0	8	35	S2_planar_wire_edge_not_full_circle	S2_planar_wire_edge_not_full_circle	0	0	ok
ho1254	286	280	6	0	0	0	278	0	2	6	S2_planar_wire_edge_not_full_circle	S2_planar_wire_edge_not_full_circle	0	0	ok
ho1255	31	12	6	13	0	0	10	0	2	6	S1_unsupported_surface	S1_unsupported_surface	0	0	ok
ho1259	120	16	46	58	0	8	6	0	10	38	S1_unsupported_surface	S1_unsupported_surface	0	0	ok
ho126	97	12	18	67	0	7	9	0	3	11	S1_unsupported_surface	S1_unsupported_surface	0	0	ok
ho1260	172	166	6	0	0	0	164	0	2	6	S2_planar_wire_edge_not_full_circle	S2_planar_wire_edge_not_full_circle	0	0	ok
ho1266	95	41	54	0	0	19	33	0	8	35	S2_planar_wire_edge_not_full_circle	S2_planar_wire_edge_not_full_circle	0	0	ok
ho1267	88	82	6	0	0	0	80	0	2	6	S2_planar_wire_edge_not_full_circle	S2_planar_wire_edge_not_full_circle	0	0	ok
ho1268	36	13	10	13	0	0	12	0	1	10	S1_unsupported_surface	S1_unsupported_surface	0	0	ok
ho1272	109	51	58	0	0	25	46	0	5	33	S2_planar_wire_edge_not_full_circle	S2_planar_wire_edge_not_full_circle	0	0	ok
ho1274	88	82	6	0	0	0	80	0	2	6	S2_planar_wire_edge_not_full_circle	S2_planar_wire_edge_not_full_circle	0	0	ok
ho1278	169	31	34	104	4	5	27	0	4	25	S1_unsupported_surface	S1_unsupported_surface	0	0	ok
ho1281	97	45	52	0	0	19	39	0	6	33	S2_planar_wire_edge_not_full_circle	S2_planar_wire_edge_not_full_circle	0	0	ok
ho1282	172	166	6	0	0	0	164	0	2	6	S2_planar_wire_edge_not_full_circle	S2_planar_wire_edge_not_full_circle	0	0	ok
ho1287	180	27	35	118	3	5	23	0	4	27	S1_unsupported_surface	S1_unsupported_surface	0	0	ok
ho1290	69	29	40	0	0	11	24	0	5	29	S2_planar_wire_edge_not_full_circle	S2_planar_wire_edge_not_full_circle	0	0	ok
ho1291	300	294	6	0	0	0	292	0	2	6	S2_planar_wire_edge_not_full_circle	S2_planar_wire_edge_not_full_circle	0	0	ok
ho1292	127	12	33	82	0	13	10	0	2	20	S1_unsupported_surface	S1_unsupported_surface	0	0	ok
ho1295	180	31	31	118	3	5	27	0	4	23	S1_unsupported_surface	S1_unsupported_surface	0	0	ok
ho1298	92	40	52	0	0	17	33	0	7	35	S2_planar_wire_edge_not_full_circle	S2_planar_wire_edge_not_full_circle	0	0	ok
ho1299	88	82	6	0	0	0	80	0	2	6	S2_planar_wire_edge_not_full_circle	S2_planar_wire_edge_not_full_circle	0	0	ok
ho13	104	13	21	70	0	7	9	0	4	14	S1_unsupported_surface	S1_unsupported_surface	0	0	ok
ho130	120	16	46	58	0	8	6	0	10	38	S1_unsupported_surface	S1_unsupported_surface	0	0	ok
ho1306	58	18	40	0	0	0	6	0	12	40	S2_planar_wire_edge_not_full_circle	S2_planar_wire_edge_not_full_circle	0	0	ok
ho1308	288	282	6	0	0	0	280	0	2	6	S2_planar_wire_edge_not_full_circle	S2_planar_wire_edge_not_full_circle	0	0	ok
ho1309	111	15	20	76	0	10	11	0	4	10	S1_unsupported_surface	S1_unsupported_surface	0	0	ok
ho1313	179	26	31	122	2	5	22	0	4	24	S1_unsupported_surface	S1_unsupported_surface	0	0	ok
ho1316	172	166	6	0	0	0	164	0	2	6	S2_planar_wire_edge_not_full_circle	S2_planar_wire_edge_not_full_circle	0	0	ok
ho132	298	292	6	0	0	0	290	0	2	6	S2_planar_wire_edge_not_full_circle	S2_planar_wire_edge_not_full_circle	0	0	ok
ho1322	64	24	40	0	0	8	19	0	5	32	S2_planar_wire_edge_not_full_circle	S2_planar_wire_edge_not_full_circle	0	0	ok
ho1323	88	82	6	0	0	0	80	0	2	6	S2_planar_wire_edge_not_full_circle	S2_planar_wire_edge_not_full_circle	0	0	ok
ho1327	160	31	31	98	3	6	27	0	4	22	S1_unsupported_surface	S1_unsupported_surface	0	0	ok
ho133	123	15	24	84	0	10	11	0	4	14	S1_unsupported_surface	S1_unsupported_surface	0	0	ok
ho1330	109	50	59	0	0	25	44	0	6	34	S2_planar_wire_edge_not_full_circle	S2_planar_wire_edge_not_full_circle	0	0	ok
ho1331	298	292	6	0	0	0	290	0	2	6	S2_planar_wire_edge_not_full_circle	S2_planar_wire_edge_not_full_circle	0	0	ok
ho1333	46	7	34	5	0	0	0	0	7	34	S1_unsupported_surface	S1_unsupported_surface	0	0	ok
ho1335	172	27	31	114	3	5	23	0	4	23	S1_unsupported_surface	S1_unsupported_surface	0	0	ok
ho1338	60	23	37	0	0	5	17	0	6	32	S2_planar_wire_edge_not_full_circle	S2_planar_wire_edge_not_full_circle	0	0	ok
ho1339	172	166	6	0	0	0	164	0	2	6	S2_planar_wire_edge_not_full_circle	S2_planar_wire_edge_not_full_circle	0	0	ok
ho1342	29	7	22	0	0	8	2	0	5	14	S2_planar_wire_edge_not_full_circle	S2_planar_wire_edge_not_full_circle	0	0	ok
ho1344	171	32	27	112	4	5	28	0	4	18	S1_unsupported_surface	S1_unsupported_surface	0	0	ok
ho1346	58	21	37	0	0	6	16	0	5	31	S2_planar_wire_edge_not_full_circle	S2_planar_wire_edge_not_full_circle	0	0	ok
ho1348	384	378	6	0	0	0	376	0	2	6	S2_planar_wire_edge_not_full_circle	S2_planar_wire_edge_not_full_circle	0	0	ok
ho1349	32	14	6	12	0	0	11	0	3	6	S1_unsupported_surface	S1_unsupported_surface	0	0	ok
ho1352	180	31	35	114	3	5	27	0	4	27	S1_unsupported_surface	S1_unsupported_surface	0	0	ok
ho1355	88	82	6	0	0	0	80	0	2	6	S2_planar_wire_edge_not_full_circle	S2_planar_wire_edge_not_full_circle	0	0	ok
ho1356	35	13	10	12	0	0	11	0	2	10	S1_unsupported_surface	S1_unsupported_surface	0	0	ok
ho1359	162	31	27	104	3	6	27	0	4	18	S1_unsupported_surface	S1_unsupported_surface	0	0	ok
ho1362	158	18	59	81	0	8	6	0	12	51	S1_unsupported_surface	S1_unsupported_surface	0	0	ok
ho1363	312	306	6	0	0	0	304	0	2	6	S2_planar_wire_edge_not_full_circle	S2_planar_wire_edge_not_full_circle	0	0	ok
ho137	63	24	39	0	0	4	16	0	8	35	S2_planar_wire_edge_not_full_circle	S2_planar_wire_edge_not_full_circle	0	0	ok
ho138	88	82	6	0	0	0	80	0	2	6	S2_planar_wire_edge_not_full_circle	S2_planar_wire_edge_not_full_circle	0	0	ok
ho14	27	6	21	0	0	8	2	0	4	13	S2_planar_wire_edge_not_full_circle	S2_planar_wire_edge_not_full_circle	0	0	ok
ho142	117	52	65	0	0	33	46	0	6	32	S2_planar_wire_edge_not_full_circle	S2_planar_wire_edge_not_full_circle	0	0	ok
ho143	284	278	6	0	0	0	276	0	2	6	S2_planar_wire_edge_not_full_circle	S2_planar_wire_edge_not_full_circle	0	0	ok
ho147	96	45	51	0	0	20	39	0	6	31	S2_planar_wire_edge_not_full_circle	S1_offset_surface_null	0	0	ok
ho148	358	352	6	0	0	0	350	0	2	6	S2_planar_wire_edge_not_full_circle	S2_planar_wire_edge_not_full_circle	0	0	ok
ho153	107	49	58	0	0	26	42	0	7	32	S2_planar_wire_edge_not_full_circle	S2_planar_wire_edge_not_full_circle	0	0	ok
ho155	196	190	6	0	0	0	188	0	2	6	S2_planar_wire_edge_not_full_circle	S2_planar_wire_edge_not_full_circle	0	0	ok
ho156	37	15	10	12	0	0	12	0	3	10	S1_unsupported_surface	S1_unsupported_surface	0	0	ok
ho160	95	43	52	0	0	19	37	0	6	33	S2_planar_wire_edge_not_full_circle	S2_planar_wire_edge_not_full_circle	0	0	ok
ho162	88	82	6	0	0	0	80	0	2	6	S2_planar_wire_edge_not_full_circle	S2_planar_wire_edge_not_full_circle	0	0	ok
ho167	118	56	62	0	0	31	49	0	7	31	S2_planar_wire_edge_not_full_circle	S2_planar_wire_edge_not_full_circle	0	0	ok
ho168	172	166	6	0	0	0	164	0	2	6	S2_planar_wire_edge_not_full_circle	S2_planar_wire_edge_not_full_circle	0	0	ok
ho17	60	23	37	0	0	5	17	0	6	32	S2_planar_wire_edge_not_full_circle	S2_planar_wire_edge_not_full_circle	0	0	ok
ho172	63	24	39	0	0	6	18	0	6	33	S2_planar_wire_edge_not_full_circle	S2_planar_wire_edge_not_full_circle	0	0	ok
ho173	172	166	6	0	0	0	164	0	2	6	S2_planar_wire_edge_not_full_circle	S2_planar_wire_edge_not_full_circle	0	0	ok
ho178	46	16	30	0	0	0	6	0	10	30	S2_planar_wire_edge_not_full_circle	S2_planar_wire_edge_not_full_circle	0	0	ok
ho179	172	166	6	0	0	0	164	0	2	6	S2_planar_wire_edge_not_full_circle	S2_planar_wire_edge_not_full_circle	0	0	ok
ho18	172	166	6	0	0	0	164	0	2	6	S2_planar_wire_edge_not_full_circle	S2_planar_wire_edge_not_full_circle	0	0	ok
ho180	30	12	6	12	0	0	10	0	2	6	S1_unsupported_surface	S1_unsupported_surface	0	0	ok
ho183	58	20	38	0	0	3	12	0	8	35	S2_planar_wire_edge_not_full_circle	S2_planar_wire_edge_not_full_circle	0	0	ok
ho184	318	312	6	0	0	0	310	0	2	6	S2_planar_wire_edge_not_full_circle	S2_planar_wire_edge_not_full_circle	0	0	ok
ho185	116	14	21	81	0	10	11	0	3	11	S1_unsupported_surface	S1_unsupported_surface	0	0	ok
ho189	48	19	29	0	0	2	12	0	7	27	S2_planar_wire_edge_not_full_circle	S2_planar_wire_edge_not_full_circle	0	0	ok
ho190	88	82	6	0	0	0	80	0	2	6	S2_planar_wire_edge_not_full_circle	S2_planar_wire_edge_not_full_circle	0	0	ok
ho191	33	13	10	10	0	0	9	0	4	10	S1_unsupported_surface	S1_unsupported_surface	0	0	ok
ho195	106	40	66	0	0	26	34	0	6	40	S2_planar_wire_edge_not_full_circle	S2_planar_wire_edge_not_full_circle	0	0	ok
ho196	88	82	6	0	0	0	80	0	2	6	S2_planar_wire_edge_not_full_circle	S2_planar_wire_edge_not_full_circle	0	0	ok
ho197	34	14	8	12	0	0	11	0	3	8	S1_unsupported_surface	S1_unsupported_surface	0	0	ok
ho2	33	13	10	10	0	0	10	0	3	10	S1_unsupported_surface	S1_unsupported_surface	0	0	ok
ho20	29	7	22	0	0	8	2	0	5	14	S2_planar_wire_edge_not_full_circle	S2_planar_wire_edge_not_full_circle	0	0	ok
ho202	126	16	48	62	0	8	6	0	10	40	S1_unsupported_surface	S1_unsupported_surface	0	0	ok
ho203	88	82	6	0	0	0	80	0	2	6	S2_planar_wire_edge_not_full_circle	S2_planar_wire_edge_not_full_circle	0	0	ok
ho208	120	57	63	0	0	31	51	0	6	32	S2_planar_wire_edge_not_full_circle	S2_planar_wire_edge_not_full_circle	0	0	ok
ho209	170	164	6	0	0	0	162	0	2	6	S2_planar_wire_edge_not_full_circle	S2_planar_wire_edge_not_full_circle	0	0	ok
ho210	33	14	6	13	0	0	11	0	3	6	S1_unsupported_surface	S1_unsupported_surface	0	0	ok
ho211	35	12	23	0	0	12	8	0	4	11	S2_planar_wire_edge_not_full_circle	S2_planar_wire_edge_not_full_circle	0	0	ok
ho214	126	16	48	62	0	8	6	0	10	40	S1_unsupported_surface	S1_unsupported_surface	0	0	ok
ho215	88	82	6	0	0	0	80	0	2	6	S2_planar_wire_edge_not_full_circle	S2_planar_wire_edge_not_full_circle	0	0	ok
ho216	37	17	10	10	0	0	10	0	7	10	S1_unsupported_surface	S1_unsupported_surface	0	0	ok
ho219	61	23	38	0	0	5	16	0	7	33	S2_planar_wire_edge_not_full_circle	S2_planar_wire_edge_not_full_circle	0	0	ok
ho220	88	82	6	0	0	0	80	0	2	6	S2_planar_wire_edge_not_full_circle	S2_planar_wire_edge_not_full_circle	0	0	ok
ho221	37	15	10	12	0	0	12	0	3	10	S1_unsupported_surface	S1_unsupported_surface	0	0	ok
ho225	132	16	50	66	0	8	6	0	10	42	S1_unsupported_surface	S1_unsupported_surface	0	0	ok
ho226	296	290	6	0	0	0	288	0	2	6	S2_planar_wire_edge_not_full_circle	S2_planar_wire_edge_not_full_circle	0	0	ok
ho23	110	50	60	0	0	26	44	0	6	34	S2_planar_wire_edge_not_full_circle	S2_planar_wire_edge_not_full_circle	0	0	ok
ho232	120	16	46	58	0	8	6	0	10	38	S1_unsupported_surface	S1_unsupported_surface	0	0	ok
ho233	284	278	6	0	0	0	276	0	2	6	S2_planar_wire_edge_not_full_circle	S2_planar_wire_edge_not_full_circle	0	0	ok
ho239	97	40	57	0	0	21	33	0	7	36	S2_planar_wire_edge_not_full_circle	S2_planar_wire_edge_not_full_circle	0	0	ok
ho240	332	326	6	0	0	0	324	0	2	6	S2_planar_wire_edge_not_full_circle	S2_planar_wire_edge_not_full_circle	0	0	ok
ho245	62	23	39	0	0	9	19	0	4	30	S2_planar_wire_edge_not_full_circle	S2_planar_wire_edge_not_full_circle	0	0	ok
ho246	172	166	6	0	0	0	164	0	2	6	S2_planar_wire_edge_not_full_circle	S2_planar_wire_edge_not_full_circle	0	0	ok
ho249	27	6	21	0	0	8	2	0	4	13	S2_planar_wire_edge_not_full_circle	S2_planar_wire_edge_not_full_circle	0	0	ok
ho25	88	82	6	0	0	0	80	0	2	6	S2_planar_wire_edge_not_full_circle	S2_planar_wire_edge_not_full_circle	0	0	ok
ho252	89	37	52	0	0	16	29	0	8	36	S2_planar_wire_edge_not_full_circle	S2_planar_wire_edge_not_full_circle	0	0	ok
ho253	288	282	6	0	0	0	280	0	2	6	S2_planar_wire_edge_not_full_circle	S2_planar_wire_edge_not_full_circle	0	0	ok
ho254	36	14	10	12	0	0	11	0	3	10	S1_unsupported_surface	S1_unsupported_surface	0	0	ok
ho260	88	82	6	0	0	0	80	0	2	6	S2_planar_wire_edge_not_full_circle	S2_planar_wire_edge_not_full_circle	0	0	ok
ho265	44	16	28	0	0	0	6	0	10	28	S2_planar_wire_edge_not_full_circle	S2_planar_wire_edge_not_full_circle	0	0	ok
ho267	88	82	6	0	0	0	80	0	2	6	S2_planar_wire_edge_not_full_circle	S2_planar_wire_edge_not_full_circle	0	0	ok
ho268	34	14	8	12	0	0	11	0	3	8	S1_unsupported_surface	S1_unsupported_surface	0	0	ok
ho273	52	18	34	0	0	0	6	0	12	34	S2_planar_wire_edge_not_full_circle	S2_planar_wire_edge_not_full_circle	0	0	ok
ho274	88	82	6	0	0	0	80	0	2	6	S2_planar_wire_edge_not_full_circle	S2_planar_wire_edge_not_full_circle	0	0	ok
ho275	35	15	10	10	0	0	10	0	5	10	S1_unsupported_surface	S1_unsupported_surface	0	0	ok
ho279	100	49	51	0	0	21	41	0	8	30	S2_planar_wire_edge_not_full_circle	S2_planar_wire_edge_not_full_circle	0	0	ok
ho281	288	282	6	0	0	0	280	0	2	6	S2_planar_wire_edge_not_full_circle	S2_planar_wire_edge_not_full_circle	0	0	ok
ho285	95	40	55	0	0	19	31	0	9	36	S2_planar_wire_edge_not_full_circle	S2_planar_wire_edge_not_full_circle	0	0	ok
ho286	360	354	6	0	0	0	353	0	1	6	S2_planar_wire_edge_not_full_circle	S2_planar_wire_edge_not_full_circle	0	0	ok
ho291	89	38	51	0	0	17	31	0	7	34	S2_planar_wire_edge_not_full_circle	S2_planar_wire_edge_not_full_circle	0	0	ok
ho292	288	282	6	0	0	0	280	0	2	6	S2_planar_wire_edge_not_full_circle	S2_planar_wire_edge_not_full_circle	0	0	ok
ho293	33	13	10	10	0	0	12	0	1	10	S1_unsupported_surface	S1_unsupported_surface	0	0	ok
ho296	106	55	51	0	0	23	48	0	7	28	S2_planar_wire_edge_not_full_circle	S2_planar_wire_edge_not_full_circle	0	0	ok
ho298	88	82	6	0	0	0	80	0	2	6	S2_planar_wire_edge_not_full_circle	S2_planar_wire_edge_not_full_circle	0	0	ok
ho301	25	7	18	0	0	6	2	0	5	12	S2_planar_wire_edge_not_full_circle	S2_planar_wire_edge_not_full_circle	0	0	ok
ho304	46	17	29	0	0	2	10	0	7	27	S2_planar_wire_edge_not_full_circle	S2_planar_wire_edge_not_full_circle	0	0	ok
ho305	288	282	6	0	0	0	280	0	2	6	S2_planar_wire_edge_not_full_circle	S2_planar_wire_edge_not_full_circle	0	0	ok
ho306	121	12	27	82	0	16	11	0	1	11	S1_unsupported_surface	S1_unsupported_surface	0	0	ok
ho31	63	23	40	0	0	5	16	0	7	35	S2_planar_wire_edge_not_full_circle	S2_planar_wire_edge_not_full_circle	0	0	ok
ho310	65	24	41	0	0	4	16	0	8	37	S2_planar_wire_edge_not_full_circle	S2_planar_wire_edge_not_full_circle	0	0	ok
ho311	172	166	6	0	0	0	164	0	2	6	S2_planar_wire_edge_not_full_circle	S2_planar_wire_edge_not_full_circle	0	0	ok
ho317	108	52	56	0	0	23	43	0	9	33	S2_planar_wire_edge_not_full_circle	S2_planar_wire_edge_not_full_circle	0	0	ok
ho318	88	82	6	0	0	0	80	0	2	6	S2_planar_wire_edge_not_full_circle	S2_planar_wire_edge_not_full_circle	0	0	ok
ho319	29	11	6	12	0	0	10	0	1	6	S1_unsupported_surface	S1_unsupported_surface	0	0	ok
ho32	88	82	6	0	0	0	80	0	2	6	S2_planar_wire_edge_not_full_circle	S2_planar_wire_edge_not_full_circle	0	0	ok
ho320	25	7	18	0	0	6	2	0	5	12	S2_planar_wire_edge_not_full_circle	S2_planar_wire_edge_not_full_circle	0	0	ok
ho323	82	33	49	0	0	14	27	0	6	35	S2_planar_wire_edge_not_full_circle	S2_planar_wire_edge_not_full_circle	0	0	ok
ho324	316	310	6	0	0	0	308	0	2	6	S2_planar_wire_edge_not_full_circle	S2_planar_wire_edge_not_full_circle	0	0	ok
ho325	31	13	6	12	0	0	11	0	2	6	S1_unsupported_surface	S1_unsupported_surface	0	0	ok
ho330	92	86	6	0	0	0	85	0	1	6	S2_planar_wire_edge_not_full_circle	S2_planar_wire_edge_not_full_circle	0	0	ok
ho331	31	12	6	13	0	0	11	0	1	6	S1_unsupported_surface	S1_unsupported_surface	0	0	ok
ho334	102	46	56	0	0	24	39	0	7	32	S2_planar_wire_edge_not_full_circle	S2_planar_wire_edge_not_full_circle	0	0	ok
ho335	300	294	6	0	0	0	292	0	2	6	S2_planar_wire_edge_not_full_circle	S2_planar_wire_edge_not_full_circle	0	0	ok
ho339	64	24	40	0	0	7	18	0	6	33	S2_planar_wire_edge_not_full_circle	S2_planar_wire_edge_not_full_circle	0	0	ok
ho340	356	350	6	0	0	0	348	0	2	6	S2_planar_wire_edge_not_full_circle	S2_planar_wire_edge_not_full_circle	0	0	ok
ho341	33	12	8	13	0	0	10	0	2	8	S1_unsupported_surface	S1_unsupported_surface	0	0	ok
ho345	85	38	47	0	0	15	31	0	7	32	S2_planar_wire_edge_not_full_circle	S2_planar_wire_edge_not_full_circle	0	0	ok
ho346	88	82	6	0	0	0	80	0	2	6	S2_planar_wire_edge_not_full_circle	S2_planar_wire_edge_not_full_circle	0	0	ok
ho348	29	7	22	0	0	8	2	0	5	14	S2_planar_wire_edge_not_full_circle	S2_planar_wire_edge_not_full_circle	0	0	ok
ho351	120	16	46	58	0	8	6	0	10	38	S1_unsupported_surface	S1_unsupported_surface	0	0	ok
ho352	88	82	6	0	0	0	80	0	2	6	S2_planar_wire_edge_not_full_circle	S2_planar_wire_edge_not_full_circle	0	0	ok
ho357	98	46	52	0	0	17	39	0	7	35	S2_planar_wire_edge_not_full_circle	S2_planar_wire_edge_not_full_circle	0	0	ok
ho358	358	352	6	0	0	0	350	0	2	6	S2_planar_wire_edge_not_full_circle	S2_planar_wire_edge_not_full_circle	0	0	ok
ho363	67	28	39	0	0	8	23	0	5	31	S2_planar_wire_edge_not_full_circle	S2_planar_wire_edge_not_full_circle	0	0	ok
ho364	172	166	6	0	0	0	164	0	2	6	S2_planar_wire_edge_not_full_circle	S2_planar_wire_edge_not_full_circle	0	0	ok
ho37	65	25	40	0	0	6	19	0	6	34	S2_planar_wire_edge_not_full_circle	S2_planar_wire_edge_not_full_circle	0	0	ok
ho370	60	22	38	0	0	3	14	0	8	35	S2_planar_wire_edge_not_full_circle	S2_planar_wire_edge_not_full_circle	0	0	ok
ho372	172	166	6	0	0	0	164	0	2	6	S2_planar_wire_edge_not_full_circle	S2_planar_wire_edge_not_full_circle	0	0	ok
ho377	96	47	49	0	0	21	40	0	7	28	S2_planar_wire_edge_not_full_circle	S2_planar_wire_edge_not_full_circle	0	0	ok
ho378	88	82	6	0	0	0	80	0	2	6	S2_planar_wire_edge_not_full_circle	S2_planar_wire_edge_not_full_circle	0	0	ok
ho379	33	13	10	10	0	0	9	0	4	10	S1_unsupported_surface	S1_unsupported_surface	0	0	ok
ho38	300	294	6	0	0	0	292	0	2	6	S2_planar_wire_edge_not_full_circle	S2_planar_wire_edge_not_full_circle	0	0	ok
ho380	137	7	71	59	0	41	2	0	5	30	S1_unsupported_surface	S1_unsupported_surface	0	0	ok
ho383	114	16	44	54	0	8	6	0	10	36	S1_unsupported_surface	S1_unsupported_surface	0	0	ok
ho384	88	82	6	0	0	0	80	0	2	6	S2_planar_wire_edge_not_full_circle	S2_planar_wire_edge_not_full_circle	0	0	ok
ho385	37	15	10	12	0	0	12	0	3	10	S1_unsupported_surface	S1_unsupported_surface	0	0	ok
ho390	100	42	58	0	0	19	35	0	7	39	S2_planar_wire_edge_not_full_circle	S2_planar_wire_edge_not_full_circle	0	0	ok
ho392	172	166	6	0	0	0	164	0	2	6	S2_planar_wire_edge_not_full_circle	S2_planar_wire_edge_not_full_circle	0	0	ok
ho393	32	12	8	12	0	0	10	0	2	8	S1_unsupported_surface	S1_unsupported_surface	0	0	ok
ho396	140	18	53	69	0	8	6	0	12	45	S1_unsupported_surface	S1_unsupported_surface	0	0	ok
ho397	172	166	6	0	0	0	164	0	2	6	S2_planar_wire_edge_not_full_circle	S2_planar_wire_edge_not_full_circle	0	0	ok
ho400	46	16	30	0	0	0	6	0	10	30	S2_planar_wire_edge_not_full_circle	S2_planar_wire_edge_not_full_circle	0	0	ok
ho401	88	82	6	0	0	0	80	0	2	6	S2_planar_wire_edge_not_full_circle	S2_planar_wire_edge_not_full_circle	0	0	ok
ho402	35	15	8	12	0	0	11	0	4	8	S1_unsupported_surface	S1_unsupported_surface	0	0	ok
ho406	95	39	56	0	0	20	33	0	6	36	S2_planar_wire_edge_not_full_circle	S2_planar_wire_edge_not_full_circle	0	0	ok
ho407	172	166	6	0	0	0	164	0	2	6	S2_planar_wire_edge_not_full_circle	S2_planar_wire_edge_not_full_circle	0	0	ok
ho408	117	15	22	80	0	10	11	0	4	12	S1_unsupported_surface	S1_unsupported_surface	0	0	ok
ho412	63	25	38	0	0	6	19	0	6	32	S2_planar_wire_edge_not_full_circle	S2_planar_wire_edge_not_full_circle	0	0	ok
ho413	300	294	6	0	0	0	292	0	2	6	S2_planar_wire_edge_not_full_circle	S2_planar_wire_edge_not_full_circle	0	0	ok
ho414	39	17	10	12	0	0	12	0	5	10	S1_unsupported_surface	S1_unsupported_surface	0	0	ok
ho417	48	16	32	0	0	0	6	0	10	32	S2_planar_wire_edge_not_full_circle	S2_planar_wire_edge_not_full_circle	0	0	ok
ho418	172	166	6	0	0	0	164	0	2	6	S2_planar_wire_edge_not_full_circle	S2_planar_wire_edge_not_full_circle	0	0	ok
ho420	43	14	29	0	0	16	10	0	4	13	S2_planar_wire_edge_not_full_circle	S2_planar_wire_edge_not_full_circle	0	0	ok
ho423	88	82	6	0	0	0	80	0	2	6	S2_planar_wire_edge_not_full_circle	S2_planar_wire_edge_not_full_circle	0	0	ok
ho424	32	14	6	12	0	0	11	0	3	6	S1_unsupported_surface	S1_unsupported_surface	0	0	ok
ho429	296	290	6	0	0	0	288	0	2	6	S2_planar_wire_edge_not_full_circle	S2_planar_wire_edge_not_full_circle	0	0	ok
ho43	68	26	42	0	0	5	18	0	8	37	S2_planar_wire_edge_not_full_circle	S2_planar_wire_edge_not_full_circle	0	0	ok
ho430	34	14	8	12	0	0	11	0	3	8	S1_unsupported_surface	S1_unsupported_surface	0	0	ok
ho432	27	6	21	0	0	8	2	0	4	13	S2_planar_wire_edge_not_full_circle	S2_planar_wire_edge_not_full_circle	0	0	ok
ho434	126	16	48	62	0	8	6	0	10	40	S1_unsupported_surface	S1_unsupported_surface	0	0	ok
ho435	288	282	6	0	0	0	280	0	2	6	S2_planar_wire_edge_not_full_circle	S2_planar_wire_edge_not_full_circle	0	0	ok
ho436	34	14	8	12	0	0	11	0	3	8	S1_unsupported_surface	S1_unsupported_surface	0	0	ok
ho439	126	16	48	62	0	8	6	0	10	40	S1_unsupported_surface	S1_unsupported_surface	0	0	ok
ho44	288	282	6	0	0	0	280	0	2	6	S2_planar_wire_edge_not_full_circle	S2_planar_wire_edge_not_full_circle	0	0	ok
ho440	88	82	6	0	0	0	80	0	2	6	S2_planar_wire_edge_not_full_circle	S2_planar_wire_edge_not_full_circle	0	0	ok
ho441	37	15	10	12	0	0	11	0	4	10	S1_unsupported_surface	S1_unsupported_surface	0	0	ok
ho445	74	28	46	0	0	11	23	0	5	35	S2_planar_wire_edge_not_full_circle	S2_planar_wire_edge_not_full_circle	0	0	ok
ho447	88	82	6	0	0	0	80	0	2	6	S2_planar_wire_edge_not_full_circle	S2_planar_wire_edge_not_full_circle	0	0	ok
ho448	124	16	25	83	0	10	11	0	5	15	S1_unsupported_surface	S1_unsupported_surface	0	0	ok
ho45	110	14	19	77	0	10	11	0	3	9	S1_unsupported_surface	S1_unsupported_surface	0	0	ok
ho450	61	22	39	0	0	6	16	0	6	33	S2_planar_wire_edge_not_full_circle	S2_planar_wire_edge_not_full_circle	0	0	ok
ho451	322	316	6	0	0	0	314	0	2	6	S2_planar_wire_edge_not_full_circle	S2_planar_wire_edge_not_full_circle	0	0	ok
ho455	138	17	52	69	0	14	10	0	7	38	S1_unsupported_surface	S1_unsupported_surface	0	0	ok
ho456	288	282	6	0	0	0	280	0	2	6	S2_planar_wire_edge_not_full_circle	S2_planar_wire_edge_not_full_circle	0	0	ok
ho457	125	17	26	82	0	10	11	0	6	16	S1_unsupported_surface	S1_unsupported_surface	0	0	ok
ho46	27	6	21	0	0	8	2	0	4	13	S2_planar_wire_edge_not_full_circle	S2_planar_wire_edge_not_full_circle	0	0	ok
ho461	44	16	28	0	0	0	6	0	10	28	S2_planar_wire_edge_not_full_circle	S2_planar_wire_edge_not_full_circle	0	0	ok
ho462	288	282	6	0	0	0	280	0	2	6	S2_planar_wire_edge_not_full_circle	S2_planar_wire_edge_not_full_circle	0	0	ok
ho467	61	22	39	0	0	6	16	0	6	33	S2_planar_wire_edge_not_full_circle	S2_planar_wire_edge_not_full_circle	0	0	ok
ho468	384	378	6	0	0	0	376	0	2	6	S2_planar_wire_edge_not_full_circle	S2_planar_wire_edge_not_full_circle	0	0	ok
ho469	33	13	10	10	0	0	9	0	4	10	S1_unsupported_surface	S1_unsupported_surface	0	0	ok
ho471	25	7	18	0	0	6	2	0	5	12	S2_planar_wire_edge_not_full_circle	S2_planar_wire_edge_not_full_circle	0	0	ok
ho475	88	82	6	0	0	0	80	0	2	6	S2_planar_wire_edge_not_full_circle	S2_planar_wire_edge_not_full_circle	0	0	ok
ho481	120	16	46	58	0	8	6	0	10	38	S1_unsupported_surface	S1_unsupported_surface	0	0	ok
ho482	172	166	6	0	0	0	164	0	2	6	S2_planar_wire_edge_not_full_circle	S2_planar_wire_edge_not_full_circle	0	0	ok
ho486	44	16	28	0	0	0	6	0	10	28	S2_planar_wire_edge_not_full_circle	S2_planar_wire_edge_not_full_circle	0	0	ok
ho487	196	190	6	0	0	0	188	0	2	6	S2_planar_wire_edge_not_full_circle	S2_planar_wire_edge_not_full_circle	0	0	ok
ho488	34	13	8	13	0	0	11	0	2	8	S1_unsupported_surface	S1_unsupported_surface	0	0	ok
ho49	96	36	60	0	0	24	32	0	4	36	S2_planar_wire_edge_not_full_circle	S2_planar_wire_edge_not_full_circle	0	0	ok
ho491	109	48	61	0	0	25	40	0	8	36	S2_planar_wire_edge_not_full_circle	S2_planar_wire_edge_not_full_circle	0	0	ok
ho492	168	162	6	0	0	0	160	0	2	6	S2_planar_wire_edge_not_full_circle	S2_planar_wire_edge_not_full_circle	0	0	ok
ho497	46	16	30	0	0	0	6	0	10	30	S2_planar_wire_edge_not_full_circle	S2_planar_wire_edge_not_full_circle	0	0	ok
ho498	172	166	6	0	0	0	164	0	2	6	S2_planar_wire_edge_not_full_circle	S2_planar_wire_edge_not_full_circle	0	0	ok
ho5	126	16	48	62	0	8	6	0	10	40	S1_unsupported_surface	S1_unsupported_surface	0	0	ok
ho50	172	166	6	0	0	0	164	0	2	6	S2_planar_wire_edge_not_full_circle	S2_planar_wire_edge_not_full_circle	0	0	ok
ho503	88	41	47	0	0	18	35	0	6	29	S2_planar_wire_edge_not_full_circle	S2_planar_wire_edge_not_full_circle	0	0	ok
ho504	334	328	6	0	0	0	326	0	2	6	S2_planar_wire_edge_not_full_circle	S2_planar_wire_edge_not_full_circle	0	0	ok
ho505	34	14	8	12	0	0	11	0	3	8	S1_unsupported_surface	S1_unsupported_surface	0	0	ok
ho509	52	18	34	0	0	0	6	0	12	34	S2_planar_wire_edge_not_full_circle	S2_planar_wire_edge_not_full_circle	0	0	ok
ho511	88	82	6	0	0	0	80	0	2	6	S2_planar_wire_edge_not_full_circle	S2_planar_wire_edge_not_full_circle	0	0	ok
ho512	37	17	8	12	0	0	12	0	5	8	S1_unsupported_surface	S1_unsupported_surface	0	0	ok
ho515	69	27	42	0	0	9	20	0	7	33	S2_planar_wire_edge_not_full_circle	S2_planar_wire_edge_not_full_circle	0	0	ok
ho517	298	292	6	0	0	0	290	0	2	6	S2_planar_wire_edge_not_full_circle	S2_planar_wire_edge_not_full_circle	0	0	ok
ho519	22	7	15	0	0	0	0	0	7	15	PASSED_S1_S3	PASSED_S1_S3	0	1	ok
ho522	73	29	44	0	0	11	23	0	6	33	S2_planar_wire_edge_not_full_circle	S2_planar_wire_edge_not_full_circle	0	0	ok
ho524	172	166	6	0	0	0	164	0	2	6	S2_planar_wire_edge_not_full_circle	S2_planar_wire_edge_not_full_circle	0	0	ok
ho526	43	14	29	0	0	16	10	0	4	13	S2_planar_wire_edge_not_full_circle	S2_planar_wire_edge_not_full_circle	0	0	ok
ho528	88	82	6	0	0	0	80	0	2	6	S2_planar_wire_edge_not_full_circle	S2_planar_wire_edge_not_full_circle	0	0	ok
ho533	105	49	56	0	0	23	42	0	7	33	S2_planar_wire_edge_not_full_circle	S2_planar_wire_edge_not_full_circle	0	0	ok
ho534	288	282	6	0	0	0	280	0	2	6	S2_planar_wire_edge_not_full_circle	S2_planar_wire_edge_not_full_circle	0	0	ok
ho535	39	16	10	13	0	0	15	0	1	10	S1_unsupported_surface	S1_unsupported_surface	0	0	ok
ho536	29	7	22	0	0	8	2	0	5	14	S2_planar_wire_edge_not_full_circle	S2_planar_wire_edge_not_full_circle	0	0	ok
ho539	83	35	48	0	0	16	30	0	5	32	S2_planar_wire_edge_not_full_circle	S2_planar_wire_edge_not_full_circle	0	0	ok
ho541	88	82	6	0	0	0	80	0	2	6	S2_planar_wire_edge_not_full_circle	S2_planar_wire_edge_not_full_circle	0	0	ok
ho542	122	14	23	85	0	10	11	0	3	13	S1_unsupported_surface	S1_unsupported_surface	0	0	ok
ho547	42	16	26	0	0	0	6	0	10	26	S2_planar_wire_edge_not_full_circle	S2_planar_wire_edge_not_full_circle	0	0	ok
ho549	356	350	6	0	0	0	348	0	2	6	S2_planar_wire_edge_not_full_circle	S2_planar_wire_edge_not_full_circle	0	0	ok
ho55	93	43	50	0	0	20	36	0	7	30	S2_planar_wire_edge_not_full_circle	S2_planar_wire_edge_not_full_circle	0	0	ok
ho550	32	14	6	12	0	0	11	0	3	6	S1_unsupported_surface	S1_unsupported_surface	0	0	ok
ho552	29	7	22	0	0	8	2	0	5	14	S2_planar_wire_edge_not_full_circle	S2_planar_wire_edge_not_full_circle	0	0	ok
ho554	72	29	43	0	0	9	23	0	6	34	S2_planar_wire_edge_not_full_circle	S2_planar_wire_edge_not_full_circle	0	0	ok
ho555	88	82	6	0	0	0	80	0	2	6	S2_planar_wire_edge_not_full_circle	S2_planar_wire_edge_not_full_circle	0	0	ok
ho559	46	16	30	0	0	0	6	0	10	30	S2_planar_wire_edge_not_full_circle	S2_planar_wire_edge_not_full_circle	0	0	ok
ho56	88	82	6	0	0	0	80	0	2	6	S2_planar_wire_edge_not_full_circle	S2_planar_wire_edge_not_full_circle	0	0	ok
ho560	216	210	6	0	0	0	208	0	2	6	S2_planar_wire_edge_not_full_circle	S2_planar_wire_edge_not_full_circle	0	0	ok
ho561	33	13	10	10	0	0	8	0	5	10	S1_unsupported_surface	S1_unsupported_surface	0	0	ok
ho566	88	82	6	0	0	0	80	0	2	6	S2_planar_wire_edge_not_full_circle	S2_planar_wire_edge_not_full_circle	0	0	ok
ho57	31	13	6	12	0	0	11	0	2	6	S1_unsupported_surface	S1_unsupported_surface	0	0	ok
ho571	100	40	60	0	0	25	35	0	5	35	S2_planar_wire_edge_not_full_circle	S2_planar_wire_edge_not_full_circle	0	0	ok
ho572	88	82	6	0	0	0	80	0	2	6	S2_planar_wire_edge_not_full_circle	S2_planar_wire_edge_not_full_circle	0	0	ok
ho573	33	15	6	12	0	0	12	0	3	6	S1_unsupported_surface	S1_unsupported_surface	0	0	ok
ho574	27	6	21	0	0	8	2	0	4	13	S2_planar_wire_edge_not_full_circle	S2_planar_wire_edge_not_full_circle	0	0	ok
ho577	68	26	42	0	0	11	22	0	4	31	S2_planar_wire_edge_not_full_circle	S2_planar_wire_edge_not_full_circle	0	0	ok
ho579	88	82	6	0	0	0	80	0	2	6	S2_planar_wire_edge_not_full_circle	S2_planar_wire_edge_not_full_circle	0	0	ok
ho583	114	16	44	54	0	8	6	0	10	36	S1_unsupported_surface	S1_unsupported_surface	0	0	ok
ho585	88	82	6	0	0	0	80	0	2	6	S2_planar_wire_edge_not_full_circle	S2_planar_wire_edge_not_full_circle	0	0	ok
ho586	98	13	19	66	0	7	9	0	4	12	S1_unsupported_surface	S1_unsupported_surface	0	0	ok
ho59	81	33	48	0	0	14	26	0	7	34	S2_planar_wire_edge_not_full_circle	S2_planar_wire_edge_not_full_circle	0	0	ok
ho591	172	166	6	0	0	0	164	0	2	6	S2_planar_wire_edge_not_full_circle	S2_planar_wire_edge_not_full_circle	0	0	ok
ho594	27	6	21	0	0	8	2	0	4	13	S2_planar_wire_edge_not_full_circle	S2_planar_wire_edge_not_full_circle	0	0	ok
ho597	56	20	36	0	0	4	13	0	7	32	S2_planar_wire_edge_not_full_circle	S2_planar_wire_edge_not_full_circle	0	0	ok
ho598	88	82	6	0	0	0	80	0	2	6	S2_planar_wire_edge_not_full_circle	S2_planar_wire_edge_not_full_circle	0	0	ok
ho599	31	11	10	10	0	0	8	0	3	10	S1_unsupported_surface	S1_unsupported_surface	0	0	ok
ho6	172	166	6	0	0	0	164	0	2	6	S2_planar_wire_edge_not_full_circle	S2_planar_wire_edge_not_full_circle	0	0	ok
ho602	161	30	35	96	3	6	26	0	4	26	S1_unsupported_surface	S1_unsupported_surface	0	0	ok
ho606	300	294	6	0	0	0	292	0	2	6	S2_planar_wire_edge_not_full_circle	S2_planar_wire_edge_not_full_circle	0	0	ok
ho607	32	12	10	10	0	0	9	0	3	10	S1_unsupported_surface	S1_unsupported_surface	0	0	ok
ho61	288	282	6	0	0	0	280	0	2	6	S2_planar_wire_edge_not_full_circle	S2_planar_wire_edge_not_full_circle	0	0	ok
ho611	104	48	56	0	0	23	40	0	8	33	S2_planar_wire_edge_not_full_circle	S2_planar_wire_edge_not_full_circle	0	0	ok
ho612	178	172	6	0	0	0	170	0	2	6	S2_planar_wire_edge_not_full_circle	S2_planar_wire_edge_not_full_circle	0	0	ok
ho613	34	13	8	13	0	0	10	0	3	8	S1_unsupported_surface	S1_unsupported_surface	0	0	ok
ho614	27	6	21	0	0	8	2	0	4	13	S2_planar_wire_edge_not_full_circle	S2_planar_wire_edge_not_full_circle	0	0	ok
ho616	163	31	30	102	3	5	27	0	4	22	S1_unsupported_surface	S1_unsupported_surface	0	0	ok
ho617	95	17	30	48	4	5	10	0	7	21	S1_unsupported_surface	S1_unsupported_surface	0	0	ok
ho619	54	18	36	0	0	0	6	0	12	36	S2_planar_wire_edge_not_full_circle	S2_planar_wire_edge_not_full_circle	0	0	ok
ho62	36	13	10	13	0	0	11	0	2	10	S1_unsupported_surface	S1_unsupported_surface	0	0	ok
ho621	172	166	6	0	0	0	164	0	2	6	S2_planar_wire_edge_not_full_circle	S2_planar_wire_edge_not_full_circle	0	0	ok
ho624	176	27	35	114	2	5	23	0	4	28	S1_unsupported_surface	S1_unsupported_surface	0	0	ok
ho625	111	17	38	56	2	5	10	0	7	31	S1_unsupported_surface	S1_unsupported_surface	0	0	ok
ho627	63	25	38	0	0	6	19	0	6	32	S2_planar_wire_edge_not_full_circle	S2_planar_wire_edge_not_full_circle	0	0	ok
ho628	320	314	6	0	0	0	312	0	2	6	S2_planar_wire_edge_not_full_circle	S2_planar_wire_edge_not_full_circle	0	0	ok
ho629	31	11	10	10	0	0	9	0	2	10	S1_unsupported_surface	S1_unsupported_surface	0	0	ok
ho633	183	26	35	122	2	5	22	0	4	28	S1_unsupported_surface	S1_unsupported_surface	0	0	ok
ho636	105	48	57	0	0	24	42	0	6	33	S2_planar_wire_edge_not_full_circle	S2_planar_wire_edge_not_full_circle	0	0	ok
ho637	288	282	6	0	0	0	280	0	2	6	S2_planar_wire_edge_not_full_circle	S2_planar_wire_edge_not_full_circle	0	0	ok
ho638	31	13	6	12	0	0	12	0	1	6	S1_unsupported_surface	S1_unsupported_surface	0	0	ok
ho642	178	27	31	120	3	5	23	0	4	23	S1_unsupported_surface	S1_unsupported_surface	0	0	ok
ho645	88	82	6	0	0	0	80	0	2	6	S2_planar_wire_edge_not_full_circle	S2_planar_wire_edge_not_full_circle	0	0	ok
ho646	35	15	8	12	0	0	11	0	4	8	S1_unsupported_surface	S1_unsupported_surface	0	0	ok
ho650	180	27	31	122	3	5	23	0	4	23	S1_unsupported_surface	S1_unsupported_surface	0	0	ok
ho653	63	24	39	0	0	7	19	0	5	32	S2_planar_wire_edge_not_full_circle	S2_planar_wire_edge_not_full_circle	0	0	ok
ho654	334	328	6	0	0	0	326	0	2	6	S2_planar_wire_edge_not_full_circle	S2_planar_wire_edge_not_full_circle	0	0	ok
ho655	104	13	21	70	0	7	9	0	4	14	S1_unsupported_surface	S1_unsupported_surface	0	0	ok
ho66	107	44	63	0	0	30	39	0	5	33	S2_planar_wire_edge_not_full_circle	S2_planar_wire_edge_not_full_circle	0	0	ok
ho660	99	42	57	0	0	22	36	0	6	35	S2_planar_wire_edge_not_full_circle	S2_planar_wire_edge_not_full_circle	0	0	ok
ho661	288	282	6	0	0	0	280	0	2	6	S2_planar_wire_edge_not_full_circle	S2_planar_wire_edge_not_full_circle	0	0	ok
ho662	33	12	8	13	0	0	10	0	2	8	S1_unsupported_surface	S1_unsupported_surface	0	0	ok
ho665	163	31	34	98	3	5	27	0	4	26	S1_unsupported_surface	S1_unsupported_surface	0	0	ok
ho668	109	49	60	0	0	29	45	0	4	31	S2_planar_wire_edge_not_full_circle	S2_planar_wire_edge_not_full_circle	0	0	ok
ho669	172	166	6	0	0	0	164	0	2	6	S2_planar_wire_edge_not_full_circle	S2_planar_wire_edge_not_full_circle	0	0	ok
ho670	111	15	20	76	0	10	11	0	4	10	S1_unsupported_surface	S1_unsupported_surface	0	0	ok
ho676	46	17	29	0	0	2	10	0	7	27	S2_planar_wire_edge_not_full_circle	S2_planar_wire_edge_not_full_circle	0	0	ok
ho677	172	166	6	0	0	0	164	0	2	6	S2_planar_wire_edge_not_full_circle	S2_planar_wire_edge_not_full_circle	0	0	ok
ho678	46	7	34	5	0	0	0	0	7	34	S1_unsupported_surface	S1_unsupported_surface	0	0	ok
ho68	172	166	6	0	0	0	164	0	2	6	S2_planar_wire_edge_not_full_circle	S2_planar_wire_edge_not_full_circle	0	0	ok
ho680	173	28	31	114	3	5	24	0	4	23	S1_unsupported_surface	S1_unsupported_surface	0	0	ok
ho682	87	36	51	0	0	14	30	0	6	37	S2_planar_wire_edge_not_full_circle	S2_planar_wire_edge_not_full_circle	0	0	ok
ho683	172	166	6	0	0	0	164	0	2	6	S2_planar_wire_edge_not_full_circle	S2_planar_wire_edge_not_full_circle	0	0	ok
ho684	122	14	23	85	0	10	11	0	3	13	S1_unsupported_surface	S1_unsupported_surface	0	0	ok
ho687	174	31	35	108	3	5	27	0	4	27	S1_unsupported_surface	S1_unsupported_surface	0	0	ok
ho69	122	14	23	85	0	10	11	0	3	13	S1_unsupported_surface	S1_unsupported_surface	0	0	ok
ho690	296	290	6	0	0	0	288	0	2	6	S2_planar_wire_edge_not_full_circle	S2_planar_wire_edge_not_full_circle	0	0	ok
ho694	175	31	34	110	3	5	27	0	4	26	S1_unsupported_surface	S1_unsupported_surface	0	0	ok
ho696	58	19	39	0	0	2	10	0	9	37	S2_planar_wire_edge_not_full_circle	S2_planar_wire_edge_not_full_circle	0	0	ok
ho697	88	82	6	0	0	0	80	0	2	6	S2_planar_wire_edge_not_full_circle	S2_planar_wire_edge_not_full_circle	0	0	ok
ho7	37	15	10	12	0	0	12	0	3	10	S1_unsupported_surface	S1_unsupported_surface	0	0	ok
ho701	167	31	34	102	3	5	27	0	4	26	S1_unsupported_surface	S1_unsupported_surface	0	0	ok
ho704	71	25	46	0	0	9	20	0	5	37	S2_planar_wire_edge_not_full_circle	S2_planar_wire_edge_not_full_circle	0	0	ok
ho706	172	166	6	0	0	0	164	0	2	6	S2_planar_wire_edge_not_full_circle	S2_planar_wire_edge_not_full_circle	0	0	ok
ho707	103	12	20	71	0	7	9	0	3	13	S1_unsupported_surface	S1_unsupported_surface	0	0	ok
ho708	29	7	22	0	0	8	2	0	5	14	S2_planar_wire_edge_not_full_circle	S2_planar_wire_edge_not_full_circle	0	0	ok
ho710	180	27	35	118	3	5	23	0	4	27	S1_unsupported_surface	S1_unsupported_surface	0	0	ok
ho713	88	82	6	0	0	0	80	0	2	6	S2_planar_wire_edge_not_full_circle	S2_planar_wire_edge_not_full_circle	0	0	ok
ho714	32	12	10	10	0	0	8	0	4	10	S1_unsupported_surface	S1_unsupported_surface	0	0	ok
ho716	175	32	31	112	4	5	28	0	4	22	S1_unsupported_surface	S1_unsupported_surface	0	0	ok
ho719	97	38	59	0	0	23	33	0	5	36	S2_planar_wire_edge_not_full_circle	S2_planar_wire_edge_not_full_circle	0	0	ok
ho72	48	18	30	0	0	0	9	0	9	30	S2_planar_wire_edge_not_full_circle	S2_planar_wire_edge_not_full_circle	0	0	ok
ho721	172	166	6	0	0	0	164	0	2	6	S2_planar_wire_edge_not_full_circle	S2_planar_wire_edge_not_full_circle	0	0	ok
ho722	110	14	19	77	0	10	11	0	3	9	S1_unsupported_surface	S1_unsupported_surface	0	0	ok
ho725	173	28	27	118	1	5	24	0	4	21	S1_unsupported_surface	S1_unsupported_surface	0	0	ok
ho728	42	16	26	0	0	0	6	0	10	26	S2_planar_wire_edge_not_full_circle	S2_planar_wire_edge_not_full_circle	0	0	ok
ho73	170	164	6	0	0	0	162	0	2	6	S2_planar_wire_edge_not_full_circle	S2_planar_wire_edge_not_full_circle	0	0	ok
ho730	88	82	6	0	0	0	80	0	2	6	S2_planar_wire_edge_not_full_circle	S2_planar_wire_edge_not_full_circle	0	0	ok
ho731	37	15	10	12	0	0	10	0	5	10	S1_unsupported_surface	S1_unsupported_surface	0	0	ok
ho732	43	14	29	0	0	16	10	0	4	13	S2_planar_wire_edge_not_full_circle	S2_planar_wire_edge_not_full_circle	0	0	ok
ho734	175	24	35	116	1	5	20	0	4	29	S1_unsupported_surface	S1_unsupported_surface	0	0	ok
ho737	91	41	50	0	0	17	34	0	7	33	S2_planar_wire_edge_not_full_circle	S2_planar_wire_edge_not_full_circle	0	0	ok
ho738	356	350	6	0	0	0	348	0	2	6	S2_planar_wire_edge_not_full_circle	S2_planar_wire_edge_not_full_circle	0	0	ok
ho739	114	12	19	83	0	10	11	0	1	9	S1_unsupported_surface	S1_unsupported_surface	0	0	ok
ho741	180	26	32	122	1	6	22	0	4	25	S1_unsupported_surface	S1_unsupported_surface	0	0	ok
ho744	44	17	27	0	0	2	10	0	7	25	S2_planar_wire_edge_not_full_circle	S2_planar_wire_edge_not_full_circle	0	0	ok
ho745	172	166	6	0	0	0	164	0	2	6	S2_planar_wire_edge_not_full_circle	S2_planar_wire_edge_not_full_circle	0	0	ok
ho749	180	26	36	118	2	6	22	0	4	28	S1_unsupported_surface	S1_unsupported_surface	0	0	ok
ho752	44	16	28	0	0	0	6	0	10	28	S2_planar_wire_edge_not_full_circle	S2_planar_wire_edge_not_full_circle	0	0	ok
ho753	88	82	6	0	0	0	80	0	2	6	S2_planar_wire_edge_not_full_circle	S2_planar_wire_edge_not_full_circle	0	0	ok
ho757	178	27	31	120	3	5	23	0	4	23	S1_unsupported_surface	S1_unsupported_surface	0	0	ok
ho760	63	24	39	0	0	6	18	0	6	33	S2_planar_wire_edge_not_full_circle	S2_planar_wire_edge_not_full_circle	0	0	ok
ho761	288	282	6	0	0	0	280	0	2	6	S2_planar_wire_edge_not_full_circle	S2_planar_wire_edge_not_full_circle	0	0	ok
ho762	37	17	10	10	0	0	10	0	7	10	S1_unsupported_surface	S1_unsupported_surface	0	0	ok
ho765	175	28	27	120	1	5	24	0	4	21	S1_unsupported_surface	S1_unsupported_surface	0	0	ok
ho768	65	26	39	0	0	8	21	0	5	31	S2_planar_wire_edge_not_full_circle	S2_planar_wire_edge_not_full_circle	0	0	ok
ho769	88	82	6	0	0	0	80	0	2	6	S2_planar_wire_edge_not_full_circle	S2_planar_wire_edge_not_full_circle	0	0	ok
ho77	44	16	28	0	0	0	6	0	10	28	S2_planar_wire_edge_not_full_circle	S2_planar_wire_edge_not_full_circle	0	0	ok
ho770	32	14	6	12	0	0	11	0	3	6	S1_unsupported_surface	S1_unsupported_surface	0	0	ok
ho772	29	7	22	0	0	8	2	0	5	14	S2_planar_wire_edge_not_full_circle	S2_planar_wire_edge_not_full_circle	0	0	ok
ho777	172	166	6	0	0	0	164	0	2	6	S2_planar_wire_edge_not_full_circle	S2_planar_wire_edge_not_full_circle	0	0	ok
ho78	88	82	6	0	0	0	80	0	2	6	S2_planar_wire_edge_not_full_circle	S2_planar_wire_edge_not_full_circle	0	0	ok
ho781	180	33	35	112	3	5	29	0	4	27	S1_unsupported_surface	S1_unsupported_surface	0	0	ok
ho783	96	42	54	0	0	20	36	0	6	34	S2_planar_wire_edge_not_full_circle	S2_planar_wire_edge_not_full_circle	0	0	ok
ho784	172	166	6	0	0	0	164	0	2	6	S2_planar_wire_edge_not_full_circle	S2_planar_wire_edge_not_full_circle	0	0	ok
ho789	167	31	30	106	3	5	27	0	4	22	S1_unsupported_surface	S1_unsupported_surface	0	0	ok
ho792	117	51	66	0	0	28	43	0	8	38	S2_planar_wire_edge_not_full_circle	S2_planar_wire_edge_not_full_circle	0	0	ok
ho793	172	166	6	0	0	0	164	0	2	6	S2_planar_wire_edge_not_full_circle	S2_planar_wire_edge_not_full_circle	0	0	ok
ho795	22	7	15	0	0	0	0	0	7	15	PASSED_S1_S3	PASSED_S1_S3	0	1	ok
ho797	180	31	35	114	3	5	27	0	4	27	S1_unsupported_surface	S1_unsupported_surface	0	0	ok
ho799	52	18	34	0	0	0	6	0	12	34	S2_planar_wire_edge_not_full_circle	S1_offset_surface_null	0	0	ok
ho800	88	82	6	0	0	0	80	0	2	6	S2_planar_wire_edge_not_full_circle	S2_planar_wire_edge_not_full_circle	0	0	ok
ho801	115	13	20	82	0	10	11	0	2	10	S1_unsupported_surface	S1_unsupported_surface	0	0	ok
ho805	182	26	38	118	2	5	22	0	4	31	S1_unsupported_surface	S1_unsupported_surface	0	0	ok
ho807	120	16	46	58	0	8	6	0	10	38	S1_unsupported_surface	S1_unsupported_surface	0	0	ok
ho809	328	322	6	0	0	0	320	0	2	6	S2_planar_wire_edge_not_full_circle	S2_planar_wire_edge_not_full_circle	0	0	ok
ho810	33	13	8	12	0	0	11	0	2	8	S1_unsupported_surface	S1_unsupported_surface	0	0	ok
ho815	68	30	38	0	0	7	25	0	5	31	S2_planar_wire_edge_not_full_circle	S2_planar_wire_edge_not_full_circle	0	0	ok
ho816	172	166	6	0	0	0	164	0	2	6	S2_planar_wire_edge_not_full_circle	S2_planar_wire_edge_not_full_circle	0	0	ok
ho817	32	12	8	12	0	0	10	0	2	8	S1_unsupported_surface	S1_unsupported_surface	0	0	ok
ho82	83	32	51	0	0	14	27	0	5	37	S2_planar_wire_edge_not_full_circle	S2_planar_wire_edge_not_full_circle	0	0	ok
ho823	126	16	48	62	0	8	6	0	10	40	S1_unsupported_surface	S1_unsupported_surface	0	0	ok
ho824	88	82	6	0	0	0	80	0	2	6	S2_planar_wire_edge_not_full_circle	S2_planar_wire_edge_not_full_circle	0	0	ok
ho825	34	13	8	13	0	0	11	0	2	8	S1_unsupported_surface	S1_unsupported_surface	0	0	ok
ho826	29	7	22	0	0	8	2	0	5	14	S2_planar_wire_edge_not_full_circle	S2_planar_wire_edge_not_full_circle	0	0	ok
ho827	180	27	35	118	3	5	23	0	4	27	S1_unsupported_surface	S1_unsupported_surface	0	0	ok
ho83	192	186	6	0	0	0	184	0	2	6	S2_planar_wire_edge_not_full_circle	S2_planar_wire_edge_not_full_circle	0	0	ok
ho830	89	37	52	0	0	19	32	0	5	33	S2_planar_wire_edge_not_full_circle	S2_planar_wire_edge_not_full_circle	0	0	ok
ho831	188	182	6	0	0	0	180	0	2	6	S2_planar_wire_edge_not_full_circle	S2_planar_wire_edge_not_full_circle	0	0	ok
ho836	174	31	31	112	3	5	27	0	4	23	S1_unsupported_surface	S1_unsupported_surface	0	0	ok
ho839	94	45	49	0	0	18	36	0	9	31	S2_planar_wire_edge_not_full_circle	S2_planar_wire_edge_not_full_circle	0	0	ok
ho84	118	16	23	79	0	10	11	0	5	13	S1_unsupported_surface	S1_unsupported_surface	0	0	ok
ho841	318	312	6	0	0	0	310	0	2	6	S2_planar_wire_edge_not_full_circle	S2_planar_wire_edge_not_full_circle	0	0	ok
ho842	31	13	6	12	0	0	11	0	2	6	S1_unsupported_surface	S1_unsupported_surface	0	0	ok
ho846	178	27	31	120	3	5	23	0	4	23	S1_unsupported_surface	S1_unsupported_surface	0	0	ok
ho849	47	17	30	0	0	4	11	0	6	26	S2_planar_wire_edge_not_full_circle	S2_planar_wire_edge_not_full_circle	0	0	ok
ho851	172	166	6	0	0	0	164	0	2	6	S2_planar_wire_edge_not_full_circle	S2_planar_wire_edge_not_full_circle	0	0	ok
ho854	176	26	28	122	2	5	22	0	4	21	S1_unsupported_surface	S1_unsupported_surface	0	0	ok
ho857	64	27	37	0	0	6	22	0	5	31	S2_planar_wire_edge_not_full_circle	S2_planar_wire_edge_not_full_circle	0	0	ok
ho859	172	166	6	0	0	0	164	0	2	6	S2_planar_wire_edge_not_full_circle	S2_planar_wire_edge_not_full_circle	0	0	ok
ho860	33	13	10	10	0	0	9	0	4	10	S1_unsupported_surface	S1_unsupported_surface	0	0	ok
ho863	165	31	30	104	3	5	27	0	4	22	S1_unsupported_surface	S1_unsupported_surface	0	0	ok
ho866	46	16	30	0	0	0	6	0	10	30	S2_planar_wire_edge_not_full_circle	S2_planar_wire_edge_not_full_circle	0	0	ok
ho867	172	166	6	0	0	0	164	0	2	6	S2_planar_wire_edge_not_full_circle	S2_planar_wire_edge_not_full_circle	0	0	ok
ho868	34	14	10	10	0	0	9	0	5	10	S1_unsupported_surface	S1_unsupported_surface	0	0	ok
ho871	180	27	35	118	3	5	23	0	4	27	S1_unsupported_surface	S1_unsupported_surface	0	0	ok
ho874	44	16	28	0	0	0	6	0	10	28	S2_planar_wire_edge_not_full_circle	S2_planar_wire_edge_not_full_circle	0	0	ok
ho875	288	282	6	0	0	0	280	0	2	6	S2_planar_wire_edge_not_full_circle	S2_planar_wire_edge_not_full_circle	0	0	ok
ho876	109	13	18	78	0	10	11	0	2	8	S1_unsupported_surface	S1_unsupported_surface	0	0	ok
ho880	114	16	44	54	0	8	6	0	10	36	S1_unsupported_surface	S1_unsupported_surface	0	0	ok
ho881	88	82	6	0	0	0	80	0	2	6	S2_planar_wire_edge_not_full_circle	S2_planar_wire_edge_not_full_circle	0	0	ok
ho884	178	33	35	110	3	5	29	0	4	27	S1_unsupported_surface	S1_unsupported_surface	0	0	ok
ho886	146	19	55	72	0	14	10	0	9	41	S1_unsupported_surface	S1_unsupported_surface	0	0	ok
ho888	172	166	6	0	0	0	164	0	2	6	S2_planar_wire_edge_not_full_circle	S2_planar_wire_edge_not_full_circle	0	0	ok
ho89	66	27	39	0	0	9	22	0	5	30	S2_planar_wire_edge_not_full_circle	S2_planar_wire_edge_not_full_circle	0	0	ok
ho893	87	36	51	0	0	15	31	0	5	36	S2_planar_wire_edge_not_full_circle	S2_planar_wire_edge_not_full_circle	0	0	ok
ho894	172	166	6	0	0	0	164	0	2	6	S2_planar_wire_edge_not_full_circle	S2_planar_wire_edge_not_full_circle	0	0	ok
ho898	175	29	34	112	2	8	25	0	4	24	S1_unsupported_surface	S1_unsupported_surface	0	0	ok
ho90	88	82	6	0	0	0	80	0	2	6	S2_planar_wire_edge_not_full_circle	S2_planar_wire_edge_not_full_circle	0	0	ok
ho901	95	40	55	0	0	21	34	0	6	34	S2_planar_wire_edge_not_full_circle	S2_planar_wire_edge_not_full_circle	0	0	ok
ho902	88	82	6	0	0	0	80	0	2	6	S2_planar_wire_edge_not_full_circle	S2_planar_wire_edge_not_full_circle	0	0	ok
ho903	29	11	6	12	0	0	10	0	1	6	S1_unsupported_surface	S1_unsupported_surface	0	0	ok
ho908	101	42	59	0	0	22	34	0	8	37	S2_planar_wire_edge_not_full_circle	S2_planar_wire_edge_not_full_circle	0	0	ok
ho91	37	17	10	10	0	0	10	0	7	10	S1_unsupported_surface	S1_unsupported_surface	0	0	ok
ho910	196	190	6	0	0	0	188	0	2	6	S2_planar_wire_edge_not_full_circle	S2_planar_wire_edge_not_full_circle	0	0	ok
ho911	116	14	21	81	0	10	11	0	3	11	S1_unsupported_surface	S1_unsupported_surface	0	0	ok
ho914	178	27	31	120	3	5	23	0	4	23	S1_unsupported_surface	S1_unsupported_surface	0	0	ok
ho917	114	49	65	0	0	27	42	0	7	38	S2_planar_wire_edge_not_full_circle	S2_planar_wire_edge_not_full_circle	0	0	ok
ho918	172	166	6	0	0	0	164	0	2	6	S2_planar_wire_edge_not_full_circle	S2_planar_wire_edge_not_full_circle	0	0	ok
ho921	178	34	36	108	3	6	30	0	4	27	S1_unsupported_surface	S1_unsupported_surface	0	0	ok
ho924	120	16	46	58	0	8	6	0	10	38	S1_unsupported_surface	S1_unsupported_surface	0	0	ok
ho925	88	82	6	0	0	0	80	0	2	6	S2_planar_wire_edge_not_full_circle	S2_planar_wire_edge_not_full_circle	0	0	ok
ho926	32	12	10	10	0	0	9	0	3	10	S1_unsupported_surface	S1_unsupported_surface	0	0	ok
ho928	172	27	27	118	3	5	23	0	4	19	S1_unsupported_surface	S1_unsupported_surface	0	0	ok
ho930	120	16	46	58	0	8	6	0	10	38	S1_unsupported_surface	S1_unsupported_surface	0	0	ok
ho932	172	166	6	0	0	0	164	0	2	6	S2_planar_wire_edge_not_full_circle	S2_planar_wire_edge_not_full_circle	0	0	ok
ho933	33	13	10	10	0	0	8	0	5	10	S1_unsupported_surface	S1_unsupported_surface	0	0	ok
ho936	180	27	31	122	3	5	23	0	4	23	S1_unsupported_surface	S1_unsupported_surface	0	0	ok
ho939	86	33	53	0	0	16	28	0	5	37	S2_planar_wire_edge_not_full_circle	S2_planar_wire_edge_not_full_circle	0	0	ok
ho940	88	82	6	0	0	0	80	0	2	6	S2_planar_wire_edge_not_full_circle	S2_planar_wire_edge_not_full_circle	0	0	ok
ho941	110	14	19	77	0	10	11	0	3	9	S1_unsupported_surface	S1_unsupported_surface	0	0	ok
ho945	44	16	28	0	0	0	6	0	10	28	S2_planar_wire_edge_not_full_circle	S2_planar_wire_edge_not_full_circle	0	0	ok
ho946	88	82	6	0	0	0	80	0	2	6	S2_planar_wire_edge_not_full_circle	S2_planar_wire_edge_not_full_circle	0	0	ok
ho951	165	31	30	104	3	5	27	0	4	22	S1_unsupported_surface	S1_unsupported_surface	0	0	ok
ho954	52	18	34	0	0	0	6	0	12	34	S2_planar_wire_edge_not_full_circle	S2_planar_wire_edge_not_full_circle	0	0	ok
ho955	88	82	6	0	0	0	80	0	2	6	S2_planar_wire_edge_not_full_circle	S2_planar_wire_edge_not_full_circle	0	0	ok
ho956	32	14	6	12	0	0	11	0	3	6	S1_unsupported_surface	S1_unsupported_surface	0	0	ok
ho958	176	27	27	122	3	5	23	0	4	19	S1_unsupported_surface	S1_unsupported_surface	0	0	ok
ho961	120	16	46	58	0	8	6	0	10	38	S1_unsupported_surface	S1_unsupported_surface	0	0	ok
ho962	172	166	6	0	0	0	164	0	2	6	S2_planar_wire_edge_not_full_circle	S2_planar_wire_edge_not_full_circle	0	0	ok
ho963	32	14	6	12	0	0	11	0	3	6	S1_unsupported_surface	S1_unsupported_surface	0	0	ok
ho966	174	27	27	120	3	5	23	0	4	19	S1_unsupported_surface	S1_unsupported_surface	0	0	ok
ho969	67	25	42	0	0	11	21	0	4	31	S2_planar_wire_edge_not_full_circle	S2_planar_wire_edge_not_full_circle	0	0	ok
ho97	88	82	6	0	0	0	80	0	2	6	S2_planar_wire_edge_not_full_circle	S2_planar_wire_edge_not_full_circle	0	0	ok
ho970	88	82	6	0	0	0	80	0	2	6	S2_planar_wire_edge_not_full_circle	S2_planar_wire_edge_not_full_circle	0	0	ok
ho974	172	30	30	112	4	5	26	0	4	21	S1_unsupported_surface	S1_unsupported_surface	0	0	ok
ho977	65	25	40	0	0	7	19	0	6	33	S2_planar_wire_edge_not_full_circle	S2_planar_wire_edge_not_full_circle	0	0	ok
ho978	344	338	6	0	0	0	336	0	2	6	S2_planar_wire_edge_not_full_circle	S2_planar_wire_edge_not_full_circle	0	0	ok
ho980	22	7	15	0	0	0	0	0	7	15	PASSED_S1_S3	PASSED_S1_S3	0	1	ok
ho982	186	26	38	122	3	5	22	0	4	30	S1_unsupported_surface	S1_unsupported_surface	0	0	ok
ho985	120	16	46	58	0	8	6	0	10	38	S1_unsupported_surface	S1_unsupported_surface	0	0	ok
ho986	288	282	6	0	0	0	280	0	2	6	S2_planar_wire_edge_not_full_circle	S2_planar_wire_edge_not_full_circle	0	0	ok
ho987	109	13	18	78	0	10	11	0	2	8	S1_unsupported_surface	S1_unsupported_surface	0	0	ok
ho990	179	26	31	122	1	5	22	0	4	25	S1_unsupported_surface	S1_unsupported_surface	0	0	ok
ho993	102	42	60	0	0	24	36	0	6	36	S2_planar_wire_edge_not_full_circle	S2_planar_wire_edge_not_full_circle	0	0	ok
ho994	288	282	6	0	0	0	280	0	2	6	S2_planar_wire_edge_not_full_circle	S2_planar_wire_edge_not_full_circle	0	0	ok
ho995	106	15	23	68	0	7	9	0	6	16	S1_unsupported_surface	S1_unsupported_surface	0	0	ok
ho998	177	28	35	114	4	5	24	0	4	26	S1_unsupported_surface	S1_unsupported_surface	0	0	ok
